-- phpMyAdmin SQL Dump
-- version 5.2.1
-- https://www.phpmyadmin.net/
--
-- Hôte : db
-- Généré le : sam. 04 nov. 2023 à 17:00
-- Version du serveur : 8.1.0
-- Version de PHP : 8.2.11

SET SQL_MODE = "NO_AUTO_VALUE_ON_ZERO";
START TRANSACTION;
SET time_zone = "+00:00";


/*!40101 SET @OLD_CHARACTER_SET_CLIENT=@@CHARACTER_SET_CLIENT */;
/*!40101 SET @OLD_CHARACTER_SET_RESULTS=@@CHARACTER_SET_RESULTS */;
/*!40101 SET @OLD_COLLATION_CONNECTION=@@COLLATION_CONNECTION */;
/*!40101 SET NAMES utf8mb4 */;

--
-- Base de données : `omeka`
--

-- --------------------------------------------------------

--
-- Structure de la table `api_key`
--

CREATE TABLE `api_key` (
  `id` varchar(32) CHARACTER SET utf8mb4 COLLATE utf8mb4_unicode_ci NOT NULL,
  `owner_id` int NOT NULL,
  `label` varchar(255) CHARACTER SET utf8mb4 COLLATE utf8mb4_unicode_ci NOT NULL,
  `credential_hash` varchar(60) CHARACTER SET utf8mb4 COLLATE utf8mb4_unicode_ci NOT NULL,
  `last_ip` varbinary(16) DEFAULT NULL COMMENT '(DC2Type:ip_address)',
  `last_accessed` datetime DEFAULT NULL,
  `created` datetime NOT NULL
) ENGINE=InnoDB DEFAULT CHARSET=utf8mb4 COLLATE=utf8mb4_unicode_ci;

-- --------------------------------------------------------

--
-- Structure de la table `asset`
--

CREATE TABLE `asset` (
  `id` int NOT NULL,
  `owner_id` int DEFAULT NULL,
  `name` varchar(255) CHARACTER SET utf8mb4 COLLATE utf8mb4_unicode_ci NOT NULL,
  `media_type` varchar(255) CHARACTER SET utf8mb4 COLLATE utf8mb4_unicode_ci NOT NULL,
  `storage_id` varchar(190) CHARACTER SET utf8mb4 COLLATE utf8mb4_unicode_ci NOT NULL,
  `extension` varchar(255) CHARACTER SET utf8mb4 COLLATE utf8mb4_unicode_ci DEFAULT NULL,
  `alt_text` longtext CHARACTER SET utf8mb4 COLLATE utf8mb4_unicode_ci
) ENGINE=InnoDB DEFAULT CHARSET=utf8mb4 COLLATE=utf8mb4_unicode_ci;

-- --------------------------------------------------------

--
-- Structure de la table `custom_vocab`
--

CREATE TABLE `custom_vocab` (
  `id` int NOT NULL,
  `item_set_id` int DEFAULT NULL,
  `owner_id` int DEFAULT NULL,
  `label` varchar(190) COLLATE utf8mb4_unicode_ci NOT NULL,
  `lang` varchar(190) COLLATE utf8mb4_unicode_ci DEFAULT NULL,
  `terms` longtext COLLATE utf8mb4_unicode_ci COMMENT '(DC2Type:json)',
  `uris` longtext COLLATE utf8mb4_unicode_ci COMMENT '(DC2Type:json)'
) ENGINE=InnoDB DEFAULT CHARSET=utf8mb4 COLLATE=utf8mb4_unicode_ci;

--
-- Déchargement des données de la table `custom_vocab`
--

INSERT INTO `custom_vocab` (`id`, `item_set_id`, `owner_id`, `label`, `lang`, `terms`, `uris`) VALUES
(1, NULL, 1, 'GenresFilmVocab', 'français', '[\"Action\",\"Science-Fiction\",\"Drame\",\"Com\\u00e9die\",\"Horreur\",\"Documentaire\"]', NULL);

-- --------------------------------------------------------

--
-- Structure de la table `fulltext_search`
--

CREATE TABLE `fulltext_search` (
  `id` int NOT NULL,
  `resource` varchar(190) CHARACTER SET utf8mb4 COLLATE utf8mb4_unicode_ci NOT NULL,
  `owner_id` int DEFAULT NULL,
  `is_public` tinyint(1) NOT NULL,
  `title` longtext CHARACTER SET utf8mb4 COLLATE utf8mb4_unicode_ci,
  `text` longtext CHARACTER SET utf8mb4 COLLATE utf8mb4_unicode_ci
) ENGINE=InnoDB DEFAULT CHARSET=utf8mb4 COLLATE=utf8mb4_unicode_ci;

--
-- Déchargement des données de la table `fulltext_search`
--

INSERT INTO `fulltext_search` (`id`, `resource`, `owner_id`, `is_public`, `title`, `text`) VALUES
(5, 'item_sets', 1, 1, 'Test', 'Test\nfgeg\nsdeede'),
(7, 'items', 1, 1, 'usertest', 'usertest\nusertest\nusertest@example.com'),
(8, 'items', 1, 1, 'Lorenzo', 'Lorenzo\nlorenzo\nlorenzo@example.com'),
(9, 'items', 1, 1, 'Uncharted', 'Uncharted'),
(10, 'items', 1, 1, 'Fast and Fourious 8', 'Fast and Fourious 8'),
(11, 'items', 1, 1, 'Note Lorenzo', 'Note Lorenzo\n8\nUncharted\nLorenzo'),
(12, 'items', 1, 1, 'Note User Test', 'Note User Test\n7\nFast and Fourious 8\nusertest'),
(13, 'items', 1, 1, 'Movie recommended for Lorenzo', 'Movie recommended for Lorenzo\nFast and Fourious 8\nLorenzo'),
(14, 'items', 1, 1, 'Movie recommended for User Test', 'Movie recommended for User Test\nUncharted\nusertest'),
(15, 'items', 1, 1, 'Spiderman 3', 'Spiderman 3'),
(16, 'items', 1, 1, 'Note Lorenzo Spiderman', 'Note Lorenzo Spiderman\n8\nSpiderman 3\nLorenzo');

-- --------------------------------------------------------

--
-- Structure de la table `item`
--

CREATE TABLE `item` (
  `id` int NOT NULL,
  `primary_media_id` int DEFAULT NULL
) ENGINE=InnoDB DEFAULT CHARSET=utf8mb4 COLLATE=utf8mb4_unicode_ci;

--
-- Déchargement des données de la table `item`
--

INSERT INTO `item` (`id`, `primary_media_id`) VALUES
(7, NULL),
(8, NULL),
(9, NULL),
(10, NULL),
(11, NULL),
(12, NULL),
(13, NULL),
(14, NULL),
(15, NULL),
(16, NULL);

-- --------------------------------------------------------

--
-- Structure de la table `item_item_set`
--

CREATE TABLE `item_item_set` (
  `item_id` int NOT NULL,
  `item_set_id` int NOT NULL
) ENGINE=InnoDB DEFAULT CHARSET=utf8mb4 COLLATE=utf8mb4_unicode_ci;

-- --------------------------------------------------------

--
-- Structure de la table `item_set`
--

CREATE TABLE `item_set` (
  `id` int NOT NULL,
  `is_open` tinyint(1) NOT NULL
) ENGINE=InnoDB DEFAULT CHARSET=utf8mb4 COLLATE=utf8mb4_unicode_ci;

--
-- Déchargement des données de la table `item_set`
--

INSERT INTO `item_set` (`id`, `is_open`) VALUES
(5, 0);

-- --------------------------------------------------------

--
-- Structure de la table `item_site`
--

CREATE TABLE `item_site` (
  `item_id` int NOT NULL,
  `site_id` int NOT NULL
) ENGINE=InnoDB DEFAULT CHARSET=utf8mb4 COLLATE=utf8mb4_unicode_ci;

-- --------------------------------------------------------

--
-- Structure de la table `job`
--

CREATE TABLE `job` (
  `id` int NOT NULL,
  `owner_id` int DEFAULT NULL,
  `pid` varchar(255) CHARACTER SET utf8mb4 COLLATE utf8mb4_unicode_ci DEFAULT NULL,
  `status` varchar(255) CHARACTER SET utf8mb4 COLLATE utf8mb4_unicode_ci DEFAULT NULL,
  `class` varchar(255) CHARACTER SET utf8mb4 COLLATE utf8mb4_unicode_ci NOT NULL,
  `args` longtext CHARACTER SET utf8mb4 COLLATE utf8mb4_unicode_ci COMMENT '(DC2Type:json_array)',
  `log` longtext CHARACTER SET utf8mb4 COLLATE utf8mb4_unicode_ci,
  `started` datetime NOT NULL,
  `ended` datetime DEFAULT NULL
) ENGINE=InnoDB DEFAULT CHARSET=utf8mb4 COLLATE=utf8mb4_unicode_ci;

-- --------------------------------------------------------

--
-- Structure de la table `media`
--

CREATE TABLE `media` (
  `id` int NOT NULL,
  `item_id` int NOT NULL,
  `ingester` varchar(255) CHARACTER SET utf8mb4 COLLATE utf8mb4_unicode_ci NOT NULL,
  `renderer` varchar(255) CHARACTER SET utf8mb4 COLLATE utf8mb4_unicode_ci NOT NULL,
  `data` longtext CHARACTER SET utf8mb4 COLLATE utf8mb4_unicode_ci COMMENT '(DC2Type:json_array)',
  `source` longtext CHARACTER SET utf8mb4 COLLATE utf8mb4_unicode_ci,
  `media_type` varchar(255) CHARACTER SET utf8mb4 COLLATE utf8mb4_unicode_ci DEFAULT NULL,
  `storage_id` varchar(190) CHARACTER SET utf8mb4 COLLATE utf8mb4_unicode_ci DEFAULT NULL,
  `extension` varchar(255) CHARACTER SET utf8mb4 COLLATE utf8mb4_unicode_ci DEFAULT NULL,
  `sha256` char(64) CHARACTER SET utf8mb4 COLLATE utf8mb4_unicode_ci DEFAULT NULL,
  `size` bigint DEFAULT NULL,
  `has_original` tinyint(1) NOT NULL,
  `has_thumbnails` tinyint(1) NOT NULL,
  `position` int DEFAULT NULL,
  `lang` varchar(190) CHARACTER SET utf8mb4 COLLATE utf8mb4_unicode_ci DEFAULT NULL,
  `alt_text` longtext CHARACTER SET utf8mb4 COLLATE utf8mb4_unicode_ci
) ENGINE=InnoDB DEFAULT CHARSET=utf8mb4 COLLATE=utf8mb4_unicode_ci;

-- --------------------------------------------------------

--
-- Structure de la table `migration`
--

CREATE TABLE `migration` (
  `version` varchar(16) CHARACTER SET utf8mb4 COLLATE utf8mb4_unicode_ci NOT NULL
) ENGINE=InnoDB DEFAULT CHARSET=utf8mb4 COLLATE=utf8mb4_unicode_ci;

--
-- Déchargement des données de la table `migration`
--

INSERT INTO `migration` (`version`) VALUES
('20171128053327'),
('20180412035023'),
('20180919072656'),
('20180924033501'),
('20181002015551'),
('20181004043735'),
('20181106060421'),
('20190307043537'),
('20190319020708'),
('20190412090532'),
('20190423040354'),
('20190423071228'),
('20190514061351'),
('20190515055359'),
('20190729023728'),
('20190809092609'),
('20190815062003'),
('20200224022356'),
('20200226064602'),
('20200325091157'),
('20200326091310'),
('20200803000000'),
('20200831000000'),
('20210205101827'),
('20210225095734'),
('20210810083804'),
('20220718090449'),
('20220824103916'),
('20230601060113'),
('20230713101012');

-- --------------------------------------------------------

--
-- Structure de la table `module`
--

CREATE TABLE `module` (
  `id` varchar(190) CHARACTER SET utf8mb4 COLLATE utf8mb4_unicode_ci NOT NULL,
  `is_active` tinyint(1) NOT NULL,
  `version` varchar(255) CHARACTER SET utf8mb4 COLLATE utf8mb4_unicode_ci NOT NULL
) ENGINE=InnoDB DEFAULT CHARSET=utf8mb4 COLLATE=utf8mb4_unicode_ci;

--
-- Déchargement des données de la table `module`
--

INSERT INTO `module` (`id`, `is_active`, `version`) VALUES
('CustomVocab', 1, '2.0.2');

-- --------------------------------------------------------

--
-- Structure de la table `password_creation`
--

CREATE TABLE `password_creation` (
  `id` varchar(32) CHARACTER SET utf8mb4 COLLATE utf8mb4_bin NOT NULL,
  `user_id` int NOT NULL,
  `created` datetime NOT NULL,
  `activate` tinyint(1) NOT NULL
) ENGINE=InnoDB DEFAULT CHARSET=utf8mb4 COLLATE=utf8mb4_unicode_ci;

-- --------------------------------------------------------

--
-- Structure de la table `property`
--

CREATE TABLE `property` (
  `id` int NOT NULL,
  `owner_id` int DEFAULT NULL,
  `vocabulary_id` int NOT NULL,
  `local_name` varchar(190) CHARACTER SET utf8mb4 COLLATE utf8mb4_bin NOT NULL,
  `label` varchar(255) CHARACTER SET utf8mb4 COLLATE utf8mb4_unicode_ci NOT NULL,
  `comment` longtext CHARACTER SET utf8mb4 COLLATE utf8mb4_unicode_ci
) ENGINE=InnoDB DEFAULT CHARSET=utf8mb4 COLLATE=utf8mb4_unicode_ci;

--
-- Déchargement des données de la table `property`
--

INSERT INTO `property` (`id`, `owner_id`, `vocabulary_id`, `local_name`, `label`, `comment`) VALUES
(1, NULL, 1, 'title', 'Title', 'A name given to the resource.'),
(2, NULL, 1, 'creator', 'Creator', 'An entity primarily responsible for making the resource.'),
(3, NULL, 1, 'subject', 'Subject', 'The topic of the resource.'),
(4, NULL, 1, 'description', 'Description', 'An account of the resource.'),
(5, NULL, 1, 'publisher', 'Publisher', 'An entity responsible for making the resource available.'),
(6, NULL, 1, 'contributor', 'Contributor', 'An entity responsible for making contributions to the resource.'),
(7, NULL, 1, 'date', 'Date', 'A point or period of time associated with an event in the lifecycle of the resource.'),
(8, NULL, 1, 'type', 'Type', 'The nature or genre of the resource.'),
(9, NULL, 1, 'format', 'Format', 'The file format, physical medium, or dimensions of the resource.'),
(10, NULL, 1, 'identifier', 'Identifier', 'An unambiguous reference to the resource within a given context.'),
(11, NULL, 1, 'source', 'Source', 'A related resource from which the described resource is derived.'),
(12, NULL, 1, 'language', 'Language', 'A language of the resource.'),
(13, NULL, 1, 'relation', 'Relation', 'A related resource.'),
(14, NULL, 1, 'coverage', 'Coverage', 'The spatial or temporal topic of the resource, the spatial applicability of the resource, or the jurisdiction under which the resource is relevant.'),
(15, NULL, 1, 'rights', 'Rights', 'Information about rights held in and over the resource.'),
(16, NULL, 1, 'audience', 'Audience', 'A class of entity for whom the resource is intended or useful.'),
(17, NULL, 1, 'alternative', 'Alternative Title', 'An alternative name for the resource.'),
(18, NULL, 1, 'tableOfContents', 'Table Of Contents', 'A list of subunits of the resource.'),
(19, NULL, 1, 'abstract', 'Abstract', 'A summary of the resource.'),
(20, NULL, 1, 'created', 'Date Created', 'Date of creation of the resource.'),
(21, NULL, 1, 'valid', 'Date Valid', 'Date (often a range) of validity of a resource.'),
(22, NULL, 1, 'available', 'Date Available', 'Date (often a range) that the resource became or will become available.'),
(23, NULL, 1, 'issued', 'Date Issued', 'Date of formal issuance (e.g., publication) of the resource.'),
(24, NULL, 1, 'modified', 'Date Modified', 'Date on which the resource was changed.'),
(25, NULL, 1, 'extent', 'Extent', 'The size or duration of the resource.'),
(26, NULL, 1, 'medium', 'Medium', 'The material or physical carrier of the resource.'),
(27, NULL, 1, 'isVersionOf', 'Is Version Of', 'A related resource of which the described resource is a version, edition, or adaptation.'),
(28, NULL, 1, 'hasVersion', 'Has Version', 'A related resource that is a version, edition, or adaptation of the described resource.'),
(29, NULL, 1, 'isReplacedBy', 'Is Replaced By', 'A related resource that supplants, displaces, or supersedes the described resource.'),
(30, NULL, 1, 'replaces', 'Replaces', 'A related resource that is supplanted, displaced, or superseded by the described resource.'),
(31, NULL, 1, 'isRequiredBy', 'Is Required By', 'A related resource that requires the described resource to support its function, delivery, or coherence.'),
(32, NULL, 1, 'requires', 'Requires', 'A related resource that is required by the described resource to support its function, delivery, or coherence.'),
(33, NULL, 1, 'isPartOf', 'Is Part Of', 'A related resource in which the described resource is physically or logically included.'),
(34, NULL, 1, 'hasPart', 'Has Part', 'A related resource that is included either physically or logically in the described resource.'),
(35, NULL, 1, 'isReferencedBy', 'Is Referenced By', 'A related resource that references, cites, or otherwise points to the described resource.'),
(36, NULL, 1, 'references', 'References', 'A related resource that is referenced, cited, or otherwise pointed to by the described resource.'),
(37, NULL, 1, 'isFormatOf', 'Is Format Of', 'A related resource that is substantially the same as the described resource, but in another format.'),
(38, NULL, 1, 'hasFormat', 'Has Format', 'A related resource that is substantially the same as the pre-existing described resource, but in another format.'),
(39, NULL, 1, 'conformsTo', 'Conforms To', 'An established standard to which the described resource conforms.'),
(40, NULL, 1, 'spatial', 'Spatial Coverage', 'Spatial characteristics of the resource.'),
(41, NULL, 1, 'temporal', 'Temporal Coverage', 'Temporal characteristics of the resource.'),
(42, NULL, 1, 'mediator', 'Mediator', 'An entity that mediates access to the resource and for whom the resource is intended or useful.'),
(43, NULL, 1, 'dateAccepted', 'Date Accepted', 'Date of acceptance of the resource.'),
(44, NULL, 1, 'dateCopyrighted', 'Date Copyrighted', 'Date of copyright.'),
(45, NULL, 1, 'dateSubmitted', 'Date Submitted', 'Date of submission of the resource.'),
(46, NULL, 1, 'educationLevel', 'Audience Education Level', 'A class of entity, defined in terms of progression through an educational or training context, for which the described resource is intended.'),
(47, NULL, 1, 'accessRights', 'Access Rights', 'Information about who can access the resource or an indication of its security status.'),
(48, NULL, 1, 'bibliographicCitation', 'Bibliographic Citation', 'A bibliographic reference for the resource.'),
(49, NULL, 1, 'license', 'License', 'A legal document giving official permission to do something with the resource.'),
(50, NULL, 1, 'rightsHolder', 'Rights Holder', 'A person or organization owning or managing rights over the resource.'),
(51, NULL, 1, 'provenance', 'Provenance', 'A statement of any changes in ownership and custody of the resource since its creation that are significant for its authenticity, integrity, and interpretation.'),
(52, NULL, 1, 'instructionalMethod', 'Instructional Method', 'A process, used to engender knowledge, attitudes and skills, that the described resource is designed to support.'),
(53, NULL, 1, 'accrualMethod', 'Accrual Method', 'The method by which items are added to a collection.'),
(54, NULL, 1, 'accrualPeriodicity', 'Accrual Periodicity', 'The frequency with which items are added to a collection.'),
(55, NULL, 1, 'accrualPolicy', 'Accrual Policy', 'The policy governing the addition of items to a collection.'),
(56, NULL, 3, 'affirmedBy', 'affirmedBy', 'A legal decision that affirms a ruling.'),
(57, NULL, 3, 'annotates', 'annotates', 'Critical or explanatory note for a Document.'),
(58, NULL, 3, 'authorList', 'list of authors', 'An ordered list of authors. Normally, this list is seen as a priority list that order authors by importance.'),
(59, NULL, 3, 'citedBy', 'cited by', 'Relates a document to another document that cites the\nfirst document.'),
(60, NULL, 3, 'cites', 'cites', 'Relates a document to another document that is cited\nby the first document as reference, comment, review, quotation or for\nanother purpose.'),
(61, NULL, 3, 'contributorList', 'list of contributors', 'An ordered list of contributors. Normally, this list is seen as a priority list that order contributors by importance.'),
(62, NULL, 3, 'court', 'court', 'A court associated with a legal document; for example, that which issues a decision.'),
(63, NULL, 3, 'degree', 'degree', 'The thesis degree.'),
(64, NULL, 3, 'director', 'director', 'A Film director.'),
(65, NULL, 3, 'distributor', 'distributor', 'Distributor of a document or a collection of documents.'),
(66, NULL, 3, 'editor', 'editor', 'A person having managerial and sometimes policy-making responsibility for the editorial part of a publishing firm or of a newspaper, magazine, or other publication.'),
(67, NULL, 3, 'editorList', 'list of editors', 'An ordered list of editors. Normally, this list is seen as a priority list that order editors by importance.'),
(68, NULL, 3, 'interviewee', 'interviewee', 'An agent that is interviewed by another agent.'),
(69, NULL, 3, 'interviewer', 'interviewer', 'An agent that interview another agent.'),
(70, NULL, 3, 'issuer', 'issuer', 'An entity responsible for issuing often informally published documents such as press releases, reports, etc.'),
(71, NULL, 3, 'organizer', 'organizer', 'The organizer of an event; includes conference organizers, but also government agencies or other bodies that are responsible for conducting hearings.'),
(72, NULL, 3, 'owner', 'owner', 'Owner of a document or a collection of documents.'),
(73, NULL, 3, 'performer', 'performer', NULL),
(74, NULL, 3, 'presentedAt', 'presented at', 'Relates a document to an event; for example, a paper to a conference.'),
(75, NULL, 3, 'presents', 'presents', 'Relates an event to associated documents; for example, conference to a paper.'),
(76, NULL, 3, 'producer', 'producer', 'Producer of a document or a collection of documents.'),
(77, NULL, 3, 'recipient', 'recipient', 'An agent that receives a communication document.'),
(78, NULL, 3, 'reproducedIn', 'reproducedIn', 'The resource in which another resource is reproduced.'),
(79, NULL, 3, 'reversedBy', 'reversedBy', 'A legal decision that reverses a ruling.'),
(80, NULL, 3, 'reviewOf', 'review of', 'Relates a review document to a reviewed thing (resource, item, etc.).'),
(81, NULL, 3, 'status', 'status', 'The publication status of (typically academic) content.'),
(82, NULL, 3, 'subsequentLegalDecision', 'subsequentLegalDecision', 'A legal decision on appeal that takes action on a case (affirming it, reversing it, etc.).'),
(83, NULL, 3, 'transcriptOf', 'transcript of', 'Relates a document to some transcribed original.'),
(84, NULL, 3, 'translationOf', 'translation of', 'Relates a translated document to the original document.'),
(85, NULL, 3, 'translator', 'translator', 'A person who translates written document from one language to another.'),
(86, NULL, 3, 'abstract', 'abstract', 'A summary of the resource.'),
(87, NULL, 3, 'argued', 'date argued', 'The date on which a legal case is argued before a court. Date is of format xsd:date'),
(88, NULL, 3, 'asin', 'asin', NULL),
(89, NULL, 3, 'chapter', 'chapter', 'An chapter number'),
(90, NULL, 3, 'coden', 'coden', NULL),
(91, NULL, 3, 'content', 'content', 'This property is for a plain-text rendering of the content of a Document. While the plain-text content of an entire document could be described by this property.'),
(92, NULL, 3, 'doi', 'doi', NULL),
(93, NULL, 3, 'eanucc13', 'eanucc13', NULL),
(94, NULL, 3, 'edition', 'edition', 'The name defining a special edition of a document. Normally its a literal value composed of a version number and words.'),
(95, NULL, 3, 'eissn', 'eissn', NULL),
(96, NULL, 3, 'gtin14', 'gtin14', NULL),
(97, NULL, 3, 'handle', 'handle', NULL),
(98, NULL, 3, 'identifier', 'identifier', NULL),
(99, NULL, 3, 'isbn', 'isbn', NULL),
(100, NULL, 3, 'isbn10', 'isbn10', NULL),
(101, NULL, 3, 'isbn13', 'isbn13', NULL),
(102, NULL, 3, 'issn', 'issn', NULL),
(103, NULL, 3, 'issue', 'issue', 'An issue number'),
(104, NULL, 3, 'lccn', 'lccn', NULL),
(105, NULL, 3, 'locator', 'locator', 'A description (often numeric) that locates an item within a containing document or collection.'),
(106, NULL, 3, 'numPages', 'number of pages', 'The number of pages contained in a document'),
(107, NULL, 3, 'numVolumes', 'number of volumes', 'The number of volumes contained in a collection of documents (usually a series, periodical, etc.).'),
(108, NULL, 3, 'number', 'number', 'A generic item or document number. Not to be confused with issue number.'),
(109, NULL, 3, 'oclcnum', 'oclcnum', NULL),
(110, NULL, 3, 'pageEnd', 'page end', 'Ending page number within a continuous page range.'),
(111, NULL, 3, 'pageStart', 'page start', 'Starting page number within a continuous page range.'),
(112, NULL, 3, 'pages', 'pages', 'A string of non-contiguous page spans that locate a Document within a Collection. Example: 23-25, 34, 54-56. For continuous page ranges, use the pageStart and pageEnd properties.'),
(113, NULL, 3, 'pmid', 'pmid', NULL),
(114, NULL, 3, 'prefixName', 'prefix name', 'The prefix of a name'),
(115, NULL, 3, 'section', 'section', 'A section number'),
(116, NULL, 3, 'shortDescription', 'shortDescription', NULL),
(117, NULL, 3, 'shortTitle', 'short title', 'The abbreviation of a title.'),
(118, NULL, 3, 'sici', 'sici', NULL),
(119, NULL, 3, 'suffixName', 'suffix name', 'The suffix of a name'),
(120, NULL, 3, 'upc', 'upc', NULL),
(121, NULL, 3, 'uri', 'uri', 'Universal Resource Identifier of a document'),
(122, NULL, 3, 'volume', 'volume', 'A volume number'),
(123, NULL, 4, 'mbox', 'personal mailbox', 'A  personal mailbox, ie. an Internet mailbox associated with exactly one owner, the first owner of this mailbox. This is a \'static inverse functional property\', in that  there is (across time and change) at most one individual that ever has any particular value for foaf:mbox.'),
(124, NULL, 4, 'mbox_sha1sum', 'sha1sum of a personal mailbox URI name', 'The sha1sum of the URI of an Internet mailbox associated with exactly one owner, the  first owner of the mailbox.'),
(125, NULL, 4, 'gender', 'gender', 'The gender of this Agent (typically but not necessarily \'male\' or \'female\').'),
(126, NULL, 4, 'geekcode', 'geekcode', 'A textual geekcode for this person, see http://www.geekcode.com/geek.html'),
(127, NULL, 4, 'dnaChecksum', 'DNA checksum', 'A checksum for the DNA of some thing. Joke.'),
(128, NULL, 4, 'sha1', 'sha1sum (hex)', 'A sha1sum hash, in hex.'),
(129, NULL, 4, 'based_near', 'based near', 'A location that something is based near, for some broadly human notion of near.'),
(130, NULL, 4, 'title', 'title', 'Title (Mr, Mrs, Ms, Dr. etc)'),
(131, NULL, 4, 'nick', 'nickname', 'A short informal nickname characterising an agent (includes login identifiers, IRC and other chat nicknames).'),
(132, NULL, 4, 'jabberID', 'jabber ID', 'A jabber ID for something.'),
(133, NULL, 4, 'aimChatID', 'AIM chat ID', 'An AIM chat ID'),
(134, NULL, 4, 'skypeID', 'Skype ID', 'A Skype ID'),
(135, NULL, 4, 'icqChatID', 'ICQ chat ID', 'An ICQ chat ID'),
(136, NULL, 4, 'yahooChatID', 'Yahoo chat ID', 'A Yahoo chat ID'),
(137, NULL, 4, 'msnChatID', 'MSN chat ID', 'An MSN chat ID'),
(138, NULL, 4, 'name', 'name', 'A name for some thing.'),
(139, NULL, 4, 'firstName', 'firstName', 'The first name of a person.'),
(140, NULL, 4, 'lastName', 'lastName', 'The last name of a person.'),
(141, NULL, 4, 'givenName', 'Given name', 'The given name of some person.'),
(142, NULL, 4, 'givenname', 'Given name', 'The given name of some person.'),
(143, NULL, 4, 'surname', 'Surname', 'The surname of some person.'),
(144, NULL, 4, 'family_name', 'family_name', 'The family name of some person.'),
(145, NULL, 4, 'familyName', 'familyName', 'The family name of some person.'),
(146, NULL, 4, 'phone', 'phone', 'A phone,  specified using fully qualified tel: URI scheme (refs: http://www.w3.org/Addressing/schemes.html#tel).'),
(147, NULL, 4, 'homepage', 'homepage', 'A homepage for some thing.'),
(148, NULL, 4, 'weblog', 'weblog', 'A weblog of some thing (whether person, group, company etc.).'),
(149, NULL, 4, 'openid', 'openid', 'An OpenID for an Agent.'),
(150, NULL, 4, 'tipjar', 'tipjar', 'A tipjar document for this agent, describing means for payment and reward.'),
(151, NULL, 4, 'plan', 'plan', 'A .plan comment, in the tradition of finger and \'.plan\' files.'),
(152, NULL, 4, 'made', 'made', 'Something that was made by this agent.'),
(153, NULL, 4, 'maker', 'maker', 'An agent that  made this thing.'),
(154, NULL, 4, 'img', 'image', 'An image that can be used to represent some thing (ie. those depictions which are particularly representative of something, eg. one\'s photo on a homepage).'),
(155, NULL, 4, 'depiction', 'depiction', 'A depiction of some thing.'),
(156, NULL, 4, 'depicts', 'depicts', 'A thing depicted in this representation.'),
(157, NULL, 4, 'thumbnail', 'thumbnail', 'A derived thumbnail image.'),
(158, NULL, 4, 'myersBriggs', 'myersBriggs', 'A Myers Briggs (MBTI) personality classification.'),
(159, NULL, 4, 'workplaceHomepage', 'workplace homepage', 'A workplace homepage of some person; the homepage of an organization they work for.'),
(160, NULL, 4, 'workInfoHomepage', 'work info homepage', 'A work info homepage of some person; a page about their work for some organization.'),
(161, NULL, 4, 'schoolHomepage', 'schoolHomepage', 'A homepage of a school attended by the person.'),
(162, NULL, 4, 'knows', 'knows', 'A person known by this person (indicating some level of reciprocated interaction between the parties).'),
(163, NULL, 4, 'interest', 'interest', 'A page about a topic of interest to this person.'),
(164, NULL, 4, 'topic_interest', 'topic_interest', 'A thing of interest to this person.'),
(165, NULL, 4, 'publications', 'publications', 'A link to the publications of this person.'),
(166, NULL, 4, 'currentProject', 'current project', 'A current project this person works on.'),
(167, NULL, 4, 'pastProject', 'past project', 'A project this person has previously worked on.'),
(168, NULL, 4, 'fundedBy', 'funded by', 'An organization funding a project or person.'),
(169, NULL, 4, 'logo', 'logo', 'A logo representing some thing.'),
(170, NULL, 4, 'topic', 'topic', 'A topic of some page or document.'),
(171, NULL, 4, 'primaryTopic', 'primary topic', 'The primary topic of some page or document.'),
(172, NULL, 4, 'focus', 'focus', 'The underlying or \'focal\' entity associated with some SKOS-described concept.'),
(173, NULL, 4, 'isPrimaryTopicOf', 'is primary topic of', 'A document that this thing is the primary topic of.'),
(174, NULL, 4, 'page', 'page', 'A page or document about this thing.'),
(175, NULL, 4, 'theme', 'theme', 'A theme.'),
(176, NULL, 4, 'account', 'account', 'Indicates an account held by this agent.'),
(177, NULL, 4, 'holdsAccount', 'account', 'Indicates an account held by this agent.'),
(178, NULL, 4, 'accountServiceHomepage', 'account service homepage', 'Indicates a homepage of the service provide for this online account.'),
(179, NULL, 4, 'accountName', 'account name', 'Indicates the name (identifier) associated with this online account.'),
(180, NULL, 4, 'member', 'member', 'Indicates a member of a Group'),
(181, NULL, 4, 'membershipClass', 'membershipClass', 'Indicates the class of individuals that are a member of a Group'),
(182, NULL, 4, 'birthday', 'birthday', 'The birthday of this Agent, represented in mm-dd string form, eg. \'12-31\'.'),
(183, NULL, 4, 'age', 'age', 'The age in years of some agent.'),
(184, NULL, 4, 'status', 'status', 'A string expressing what the user is happy for the general public (normally) to know about their current activity.'),
(185, 1, 5, 'username', 'username', NULL),
(186, 1, 5, 'hasUser', 'a comme utilisateur', NULL),
(187, 1, 5, 'hasMovie', 'a comme film', NULL),
(188, 1, 5, 'rating', 'rating', NULL),
(189, 1, 5, 'title', 'title', NULL),
(190, NULL, 5, 'email', 'email', NULL);

-- --------------------------------------------------------

--
-- Structure de la table `resource`
--

CREATE TABLE `resource` (
  `id` int NOT NULL,
  `owner_id` int DEFAULT NULL,
  `resource_class_id` int DEFAULT NULL,
  `resource_template_id` int DEFAULT NULL,
  `thumbnail_id` int DEFAULT NULL,
  `title` longtext CHARACTER SET utf8mb4 COLLATE utf8mb4_unicode_ci,
  `is_public` tinyint(1) NOT NULL,
  `created` datetime NOT NULL,
  `modified` datetime DEFAULT NULL,
  `resource_type` varchar(255) CHARACTER SET utf8mb4 COLLATE utf8mb4_unicode_ci NOT NULL
) ENGINE=InnoDB DEFAULT CHARSET=utf8mb4 COLLATE=utf8mb4_unicode_ci;

--
-- Déchargement des données de la table `resource`
--

INSERT INTO `resource` (`id`, `owner_id`, `resource_class_id`, `resource_template_id`, `thumbnail_id`, `title`, `is_public`, `created`, `modified`, `resource_type`) VALUES
(5, 1, 24, 2, NULL, 'Test', 1, '2023-10-28 15:32:09', '2023-10-28 15:32:09', 'Omeka\\Entity\\ItemSet'),
(7, 1, 106, 5, NULL, 'usertest', 1, '2023-10-30 20:51:46', '2023-10-30 21:01:20', 'Omeka\\Entity\\Item'),
(8, 1, 106, 5, NULL, 'Lorenzo', 1, '2023-10-30 20:53:53', '2023-10-30 21:02:12', 'Omeka\\Entity\\Item'),
(9, 1, 109, 3, NULL, 'Uncharted', 1, '2023-10-30 20:54:48', '2023-10-30 21:02:55', 'Omeka\\Entity\\Item'),
(10, 1, 109, 3, NULL, 'Fast and Fourious 8', 1, '2023-10-30 20:55:49', '2023-10-30 21:03:44', 'Omeka\\Entity\\Item'),
(11, 1, 108, 4, NULL, 'Note Lorenzo', 1, '2023-10-30 21:05:26', '2023-10-30 21:05:26', 'Omeka\\Entity\\Item'),
(12, 1, 108, 4, NULL, 'Note User Test', 1, '2023-10-30 21:07:19', '2023-10-30 21:07:19', 'Omeka\\Entity\\Item'),
(13, 1, 107, 6, NULL, 'Movie recommended for Lorenzo', 1, '2023-10-30 21:10:45', '2023-10-30 21:10:45', 'Omeka\\Entity\\Item'),
(14, 1, 107, 6, NULL, 'Movie recommended for User Test', 1, '2023-10-30 21:18:32', '2023-10-30 21:18:32', 'Omeka\\Entity\\Item'),
(15, 1, 109, 3, NULL, 'Spiderman 3', 1, '2023-11-04 16:55:39', '2023-11-04 16:55:39', 'Omeka\\Entity\\Item'),
(16, 1, 108, 4, NULL, 'Note Lorenzo Spiderman', 1, '2023-11-04 16:57:47', '2023-11-04 16:57:47', 'Omeka\\Entity\\Item');

-- --------------------------------------------------------

--
-- Structure de la table `resource_class`
--

CREATE TABLE `resource_class` (
  `id` int NOT NULL,
  `owner_id` int DEFAULT NULL,
  `vocabulary_id` int NOT NULL,
  `local_name` varchar(190) CHARACTER SET utf8mb4 COLLATE utf8mb4_bin NOT NULL,
  `label` varchar(255) CHARACTER SET utf8mb4 COLLATE utf8mb4_unicode_ci NOT NULL,
  `comment` longtext CHARACTER SET utf8mb4 COLLATE utf8mb4_unicode_ci
) ENGINE=InnoDB DEFAULT CHARSET=utf8mb4 COLLATE=utf8mb4_unicode_ci;

--
-- Déchargement des données de la table `resource_class`
--

INSERT INTO `resource_class` (`id`, `owner_id`, `vocabulary_id`, `local_name`, `label`, `comment`) VALUES
(1, NULL, 1, 'Agent', 'Agent', 'A resource that acts or has the power to act.'),
(2, NULL, 1, 'AgentClass', 'Agent Class', 'A group of agents.'),
(3, NULL, 1, 'BibliographicResource', 'Bibliographic Resource', 'A book, article, or other documentary resource.'),
(4, NULL, 1, 'FileFormat', 'File Format', 'A digital resource format.'),
(5, NULL, 1, 'Frequency', 'Frequency', 'A rate at which something recurs.'),
(6, NULL, 1, 'Jurisdiction', 'Jurisdiction', 'The extent or range of judicial, law enforcement, or other authority.'),
(7, NULL, 1, 'LicenseDocument', 'License Document', 'A legal document giving official permission to do something with a Resource.'),
(8, NULL, 1, 'LinguisticSystem', 'Linguistic System', 'A system of signs, symbols, sounds, gestures, or rules used in communication.'),
(9, NULL, 1, 'Location', 'Location', 'A spatial region or named place.'),
(10, NULL, 1, 'LocationPeriodOrJurisdiction', 'Location, Period, or Jurisdiction', 'A location, period of time, or jurisdiction.'),
(11, NULL, 1, 'MediaType', 'Media Type', 'A file format or physical medium.'),
(12, NULL, 1, 'MediaTypeOrExtent', 'Media Type or Extent', 'A media type or extent.'),
(13, NULL, 1, 'MethodOfInstruction', 'Method of Instruction', 'A process that is used to engender knowledge, attitudes, and skills.'),
(14, NULL, 1, 'MethodOfAccrual', 'Method of Accrual', 'A method by which resources are added to a collection.'),
(15, NULL, 1, 'PeriodOfTime', 'Period of Time', 'An interval of time that is named or defined by its start and end dates.'),
(16, NULL, 1, 'PhysicalMedium', 'Physical Medium', 'A physical material or carrier.'),
(17, NULL, 1, 'PhysicalResource', 'Physical Resource', 'A material thing.'),
(18, NULL, 1, 'Policy', 'Policy', 'A plan or course of action by an authority, intended to influence and determine decisions, actions, and other matters.'),
(19, NULL, 1, 'ProvenanceStatement', 'Provenance Statement', 'A statement of any changes in ownership and custody of a resource since its creation that are significant for its authenticity, integrity, and interpretation.'),
(20, NULL, 1, 'RightsStatement', 'Rights Statement', 'A statement about the intellectual property rights (IPR) held in or over a Resource, a legal document giving official permission to do something with a resource, or a statement about access rights.'),
(21, NULL, 1, 'SizeOrDuration', 'Size or Duration', 'A dimension or extent, or a time taken to play or execute.'),
(22, NULL, 1, 'Standard', 'Standard', 'A basis for comparison; a reference point against which other things can be evaluated.'),
(23, NULL, 2, 'Collection', 'Collection', 'An aggregation of resources.'),
(24, NULL, 2, 'Dataset', 'Dataset', 'Data encoded in a defined structure.'),
(25, NULL, 2, 'Event', 'Event', 'A non-persistent, time-based occurrence.'),
(26, NULL, 2, 'Image', 'Image', 'A visual representation other than text.'),
(27, NULL, 2, 'InteractiveResource', 'Interactive Resource', 'A resource requiring interaction from the user to be understood, executed, or experienced.'),
(28, NULL, 2, 'Service', 'Service', 'A system that provides one or more functions.'),
(29, NULL, 2, 'Software', 'Software', 'A computer program in source or compiled form.'),
(30, NULL, 2, 'Sound', 'Sound', 'A resource primarily intended to be heard.'),
(31, NULL, 2, 'Text', 'Text', 'A resource consisting primarily of words for reading.'),
(32, NULL, 2, 'PhysicalObject', 'Physical Object', 'An inanimate, three-dimensional object or substance.'),
(33, NULL, 2, 'StillImage', 'Still Image', 'A static visual representation.'),
(34, NULL, 2, 'MovingImage', 'Moving Image', 'A series of visual representations imparting an impression of motion when shown in succession.'),
(35, NULL, 3, 'AcademicArticle', 'Academic Article', 'A scholarly academic article, typically published in a journal.'),
(36, NULL, 3, 'Article', 'Article', 'A written composition in prose, usually nonfiction, on a specific topic, forming an independent part of a book or other publication, as a newspaper or magazine.'),
(37, NULL, 3, 'AudioDocument', 'audio document', 'An audio document; aka record.'),
(38, NULL, 3, 'AudioVisualDocument', 'audio-visual document', 'An audio-visual document; film, video, and so forth.'),
(39, NULL, 3, 'Bill', 'Bill', 'Draft legislation presented for discussion to a legal body.'),
(40, NULL, 3, 'Book', 'Book', 'A written or printed work of fiction or nonfiction, usually on sheets of paper fastened or bound together within covers.'),
(41, NULL, 3, 'BookSection', 'Book Section', 'A section of a book.'),
(42, NULL, 3, 'Brief', 'Brief', 'A written argument submitted to a court.'),
(43, NULL, 3, 'Chapter', 'Chapter', 'A chapter of a book.'),
(44, NULL, 3, 'Code', 'Code', 'A collection of statutes.'),
(45, NULL, 3, 'CollectedDocument', 'Collected Document', 'A document that simultaneously contains other documents.'),
(46, NULL, 3, 'Collection', 'Collection', 'A collection of Documents or Collections'),
(47, NULL, 3, 'Conference', 'Conference', 'A meeting for consultation or discussion.'),
(48, NULL, 3, 'CourtReporter', 'Court Reporter', 'A collection of legal cases.'),
(49, NULL, 3, 'Document', 'Document', 'A document (noun) is a bounded physical representation of body of information designed with the capacity (and usually intent) to communicate. A document may manifest symbolic, diagrammatic or sensory-representational information.'),
(50, NULL, 3, 'DocumentPart', 'document part', 'a distinct part of a larger document or collected document.'),
(51, NULL, 3, 'DocumentStatus', 'Document Status', 'The status of the publication of a document.'),
(52, NULL, 3, 'EditedBook', 'Edited Book', 'An edited book.'),
(53, NULL, 3, 'Email', 'EMail', 'A written communication addressed to a person or organization and transmitted electronically.'),
(54, NULL, 3, 'Event', 'Event', NULL),
(55, NULL, 3, 'Excerpt', 'Excerpt', 'A passage selected from a larger work.'),
(56, NULL, 3, 'Film', 'Film', 'aka movie.'),
(57, NULL, 3, 'Hearing', 'Hearing', 'An instance or a session in which testimony and arguments are presented, esp. before an official, as a judge in a lawsuit.'),
(58, NULL, 3, 'Image', 'Image', 'A document that presents visual or diagrammatic information.'),
(59, NULL, 3, 'Interview', 'Interview', 'A formalized discussion between two or more people.'),
(60, NULL, 3, 'Issue', 'Issue', 'something that is printed or published and distributed, esp. a given number of a periodical'),
(61, NULL, 3, 'Journal', 'Journal', 'A periodical of scholarly journal Articles.'),
(62, NULL, 3, 'LegalCaseDocument', 'Legal Case Document', 'A document accompanying a legal case.'),
(63, NULL, 3, 'LegalDecision', 'Decision', 'A document containing an authoritative determination (as a decree or judgment) made after consideration of facts or law.'),
(64, NULL, 3, 'LegalDocument', 'Legal Document', 'A legal document; for example, a court decision, a brief, and so forth.'),
(65, NULL, 3, 'Legislation', 'Legislation', 'A legal document proposing or enacting a law or a group of laws.'),
(66, NULL, 3, 'Letter', 'Letter', 'A written or printed communication addressed to a person or organization and usually transmitted by mail.'),
(67, NULL, 3, 'Magazine', 'Magazine', 'A periodical of magazine Articles. A magazine is a publication that is issued periodically, usually bound in a paper cover, and typically contains essays, stories, poems, etc., by many writers, and often photographs and drawings, frequently specializing in a particular subject or area, as hobbies, news, or sports.'),
(68, NULL, 3, 'Manual', 'Manual', 'A small reference book, especially one giving instructions.'),
(69, NULL, 3, 'Manuscript', 'Manuscript', 'An unpublished Document, which may also be submitted to a publisher for publication.'),
(70, NULL, 3, 'Map', 'Map', 'A graphical depiction of geographic features.'),
(71, NULL, 3, 'MultiVolumeBook', 'Multivolume Book', 'A loose, thematic, collection of Documents, often Books.'),
(72, NULL, 3, 'Newspaper', 'Newspaper', 'A periodical of documents, usually issued daily or weekly, containing current news, editorials, feature articles, and usually advertising.'),
(73, NULL, 3, 'Note', 'Note', 'Notes or annotations about a resource.'),
(74, NULL, 3, 'Patent', 'Patent', 'A document describing the exclusive right granted by a government to an inventor to manufacture, use, or sell an invention for a certain number of years.'),
(75, NULL, 3, 'Performance', 'Performance', 'A public performance.'),
(76, NULL, 3, 'Periodical', 'Periodical', 'A group of related documents issued at regular intervals.'),
(77, NULL, 3, 'PersonalCommunication', 'Personal Communication', 'A communication between an agent and one or more specific recipients.'),
(78, NULL, 3, 'PersonalCommunicationDocument', 'Personal Communication Document', 'A personal communication manifested in some document.'),
(79, NULL, 3, 'Proceedings', 'Proceedings', 'A compilation of documents published from an event, such as a conference.'),
(80, NULL, 3, 'Quote', 'Quote', 'An excerpted collection of words.'),
(81, NULL, 3, 'ReferenceSource', 'Reference Source', 'A document that presents authoritative reference information, such as a dictionary or encylopedia .'),
(82, NULL, 3, 'Report', 'Report', 'A document describing an account or statement describing in detail an event, situation, or the like, usually as the result of observation, inquiry, etc..'),
(83, NULL, 3, 'Series', 'Series', 'A loose, thematic, collection of Documents, often Books.'),
(84, NULL, 3, 'Slide', 'Slide', 'A slide in a slideshow'),
(85, NULL, 3, 'Slideshow', 'Slideshow', 'A presentation of a series of slides, usually presented in front of an audience with written text and images.'),
(86, NULL, 3, 'Standard', 'Standard', 'A document describing a standard'),
(87, NULL, 3, 'Statute', 'Statute', 'A bill enacted into law.'),
(88, NULL, 3, 'Thesis', 'Thesis', 'A document created to summarize research findings associated with the completion of an academic degree.'),
(89, NULL, 3, 'ThesisDegree', 'Thesis degree', 'The academic degree of a Thesis'),
(90, NULL, 3, 'Webpage', 'Webpage', 'A web page is an online document available (at least initially) on the world wide web. A web page is written first and foremost to appear on the web, as distinct from other online resources such as books, manuscripts or audio documents which use the web primarily as a distribution mechanism alongside other more traditional methods such as print.'),
(91, NULL, 3, 'Website', 'Website', 'A group of Webpages accessible on the Web.'),
(92, NULL, 3, 'Workshop', 'Workshop', 'A seminar, discussion group, or the like, that emphasizes zxchange of ideas and the demonstration and application of techniques, skills, etc.'),
(93, NULL, 4, 'LabelProperty', 'Label Property', 'A foaf:LabelProperty is any RDF property with texual values that serve as labels.'),
(94, NULL, 4, 'Person', 'Person', 'A person.'),
(95, NULL, 4, 'Document', 'Document', 'A document.'),
(96, NULL, 4, 'Organization', 'Organization', 'An organization.'),
(97, NULL, 4, 'Group', 'Group', 'A class of Agents.'),
(98, NULL, 4, 'Agent', 'Agent', 'An agent (eg. person, group, software or physical artifact).'),
(99, NULL, 4, 'Project', 'Project', 'A project (a collective endeavour of some kind).'),
(100, NULL, 4, 'Image', 'Image', 'An image.'),
(101, NULL, 4, 'PersonalProfileDocument', 'PersonalProfileDocument', 'A personal profile RDF document.'),
(102, NULL, 4, 'OnlineAccount', 'Online Account', 'An online account.'),
(103, NULL, 4, 'OnlineGamingAccount', 'Online Gaming Account', 'An online gaming account.'),
(104, NULL, 4, 'OnlineEcommerceAccount', 'Online E-commerce Account', 'An online e-commerce account.'),
(105, NULL, 4, 'OnlineChatAccount', 'Online Chat Account', 'An online chat account.'),
(106, 1, 5, 'User', 'User', NULL),
(107, 1, 5, 'MovieRecommanded', 'MovieRecommanded', NULL),
(108, 1, 5, 'MovieRating', 'MovieRating', NULL),
(109, 1, 5, 'Movie', 'Movie', NULL);

-- --------------------------------------------------------

--
-- Structure de la table `resource_template`
--

CREATE TABLE `resource_template` (
  `id` int NOT NULL,
  `owner_id` int DEFAULT NULL,
  `resource_class_id` int DEFAULT NULL,
  `title_property_id` int DEFAULT NULL,
  `description_property_id` int DEFAULT NULL,
  `label` varchar(190) CHARACTER SET utf8mb4 COLLATE utf8mb4_unicode_ci NOT NULL
) ENGINE=InnoDB DEFAULT CHARSET=utf8mb4 COLLATE=utf8mb4_unicode_ci;

--
-- Déchargement des données de la table `resource_template`
--

INSERT INTO `resource_template` (`id`, `owner_id`, `resource_class_id`, `title_property_id`, `description_property_id`, `label`) VALUES
(1, NULL, NULL, NULL, NULL, 'Base Resource'),
(2, 1, NULL, NULL, NULL, 'Film'),
(3, 1, 109, NULL, NULL, 'MovieTemplete'),
(4, 1, 108, NULL, NULL, 'MovieRatingTemplate'),
(5, 1, 106, NULL, NULL, 'UserTemplate'),
(6, 1, 107, NULL, NULL, 'MovieRecommandedTemplate');

-- --------------------------------------------------------

--
-- Structure de la table `resource_template_property`
--

CREATE TABLE `resource_template_property` (
  `id` int NOT NULL,
  `resource_template_id` int NOT NULL,
  `property_id` int NOT NULL,
  `alternate_label` varchar(255) CHARACTER SET utf8mb4 COLLATE utf8mb4_unicode_ci DEFAULT NULL,
  `alternate_comment` longtext CHARACTER SET utf8mb4 COLLATE utf8mb4_unicode_ci,
  `position` int DEFAULT NULL,
  `data_type` longtext CHARACTER SET utf8mb4 COLLATE utf8mb4_unicode_ci COMMENT '(DC2Type:json_array)',
  `is_required` tinyint(1) NOT NULL,
  `is_private` tinyint(1) NOT NULL,
  `default_lang` varchar(255) CHARACTER SET utf8mb4 COLLATE utf8mb4_unicode_ci DEFAULT NULL
) ENGINE=InnoDB DEFAULT CHARSET=utf8mb4 COLLATE=utf8mb4_unicode_ci;

--
-- Déchargement des données de la table `resource_template_property`
--

INSERT INTO `resource_template_property` (`id`, `resource_template_id`, `property_id`, `alternate_label`, `alternate_comment`, `position`, `data_type`, `is_required`, `is_private`, `default_lang`) VALUES
(1, 1, 1, NULL, NULL, 1, NULL, 0, 0, NULL),
(2, 1, 15, NULL, NULL, 2, NULL, 0, 0, NULL),
(3, 1, 8, NULL, NULL, 3, NULL, 0, 0, NULL),
(4, 1, 2, NULL, NULL, 4, NULL, 0, 0, NULL),
(5, 1, 7, NULL, NULL, 5, NULL, 0, 0, NULL),
(6, 1, 4, NULL, NULL, 6, NULL, 0, 0, NULL),
(7, 1, 9, NULL, NULL, 7, NULL, 0, 0, NULL),
(8, 1, 12, NULL, NULL, 8, NULL, 0, 0, NULL),
(9, 1, 40, 'Place', NULL, 9, NULL, 0, 0, NULL),
(10, 1, 5, NULL, NULL, 10, NULL, 0, 0, NULL),
(11, 1, 17, NULL, NULL, 11, NULL, 0, 0, NULL),
(12, 1, 6, NULL, NULL, 12, NULL, 0, 0, NULL),
(13, 1, 25, NULL, NULL, 13, NULL, 0, 0, NULL),
(14, 1, 10, NULL, NULL, 14, NULL, 0, 0, NULL),
(15, 1, 13, NULL, NULL, 15, NULL, 0, 0, NULL),
(16, 1, 29, NULL, NULL, 16, NULL, 0, 0, NULL),
(17, 1, 30, NULL, NULL, 17, NULL, 0, 0, NULL),
(18, 1, 50, NULL, NULL, 18, NULL, 0, 0, NULL),
(19, 1, 3, NULL, NULL, 19, NULL, 0, 0, NULL),
(20, 1, 41, NULL, NULL, 20, NULL, 0, 0, NULL),
(21, 2, 1, NULL, NULL, 1, NULL, 0, 0, NULL),
(22, 2, 4, NULL, NULL, 2, NULL, 0, 0, NULL),
(23, 2, 2, 'Réalisatuer', NULL, 3, NULL, 0, 0, NULL),
(24, 2, 8, 'Genres', NULL, 4, '[\"customvocab:1\"]', 0, 0, NULL),
(26, 4, 187, NULL, NULL, 3, NULL, 0, 0, NULL),
(27, 4, 186, NULL, NULL, 4, NULL, 0, 0, NULL),
(28, 5, 185, NULL, NULL, 2, NULL, 0, 0, NULL),
(29, 5, 190, NULL, NULL, 3, NULL, 0, 0, NULL),
(30, 6, 187, NULL, NULL, 2, NULL, 0, 0, NULL),
(31, 6, 186, NULL, NULL, 3, NULL, 0, 0, NULL),
(32, 4, 188, NULL, NULL, 2, NULL, 0, 0, NULL),
(33, 5, 1, NULL, NULL, 1, NULL, 0, 0, NULL),
(34, 4, 1, NULL, NULL, 1, NULL, 0, 0, NULL),
(35, 6, 1, NULL, NULL, 1, NULL, 0, 0, NULL),
(36, 3, 1, NULL, NULL, 1, NULL, 0, 0, NULL);

-- --------------------------------------------------------

--
-- Structure de la table `session`
--

CREATE TABLE `session` (
  `id` varchar(190) CHARACTER SET utf8mb4 COLLATE utf8mb4_unicode_ci NOT NULL,
  `data` longblob NOT NULL,
  `modified` int NOT NULL
) ENGINE=InnoDB DEFAULT CHARSET=utf8mb4 COLLATE=utf8mb4_unicode_ci;

--
-- Déchargement des données de la table `session`
--

INSERT INTO `session` (`id`, `data`, `modified`) VALUES
('19242d3d30332571bb6d1da1dac1ca2f', 0x5f5f4c616d696e61737c613a353a7b733a32303a225f524551554553545f4143434553535f54494d45223b643a313639383330343932312e3837393632323b733a363a225f56414c4944223b613a313a7b733a32383a224c616d696e61735c53657373696f6e5c56616c696461746f725c4964223b733a33323a223633646662393239306533666466643031363934633039613264383731353338223b7d733a34323a224c616d696e61735f56616c696461746f725f437372665f73616c745f6c6f67696e666f726d5f63737266223b613a313a7b733a363a22455850495245223b693a313639383330373635323b7d733a34343a224c616d696e61735f56616c696461746f725f437372665f73616c745f636f6e6669726d666f726d5f63737266223b613a313a7b733a363a22455850495245223b693a313639383330383434393b7d733a33323a224c616d696e61735f56616c696461746f725f437372665f73616c745f63737266223b613a313a7b733a363a22455850495245223b693a313639383330383434323b7d7d72656469726563745f75726c7c733a33333a22687474703a2f2f3132372e302e302e313a383030302f6f6d656b612f61646d696e223b4c616d696e61735f56616c696461746f725f437372665f73616c745f6c6f67696e666f726d5f637372667c4f3a32363a224c616d696e61735c5374646c69625c41727261794f626a656374223a343a7b733a373a2273746f72616765223b613a323a7b733a393a22746f6b656e4c697374223b613a313a7b733a33323a226564646631613337353762663066663539633736646330346234373861643239223b733a33323a226439396432333833643539323066336138366232386337303831373537353061223b7d733a343a2268617368223b733a36353a2264393964323338336435393230663361383662323863373038313735373530612d6564646631613337353762663066663539633736646330346234373861643239223b7d733a343a22666c6167223b693a323b733a31333a226974657261746f72436c617373223b733a31333a2241727261794974657261746f72223b733a31393a2270726f74656374656450726f70657274696573223b613a343a7b693a303b733a373a2273746f72616765223b693a313b733a343a22666c6167223b693a323b733a31333a226974657261746f72436c617373223b693a333b733a31393a2270726f74656374656450726f70657274696573223b7d7d4c616d696e61735f417574687c4f3a32363a224c616d696e61735c5374646c69625c41727261794f626a656374223a343a7b733a373a2273746f72616765223b613a313a7b733a373a2273746f72616765223b693a313b7d733a343a22666c6167223b693a323b733a31333a226974657261746f72436c617373223b733a31333a2241727261794974657261746f72223b733a31393a2270726f74656374656450726f70657274696573223b613a343a7b693a303b733a373a2273746f72616765223b693a313b733a343a22666c6167223b693a323b733a31333a226974657261746f72436c617373223b693a333b733a31393a2270726f74656374656450726f70657274696573223b7d7d4f6d656b614d657373656e6765727c4f3a32363a224c616d696e61735c5374646c69625c41727261794f626a656374223a343a7b733a373a2273746f72616765223b613a303a7b7d733a343a22666c6167223b693a323b733a31333a226974657261746f72436c617373223b733a31333a2241727261794974657261746f72223b733a31393a2270726f74656374656450726f70657274696573223b613a343a7b693a303b733a373a2273746f72616765223b693a313b733a343a22666c6167223b693a323b733a31333a226974657261746f72436c617373223b693a333b733a31393a2270726f74656374656450726f70657274696573223b7d7d4c616d696e61735f56616c696461746f725f437372665f73616c745f636f6e6669726d666f726d5f637372667c4f3a32363a224c616d696e61735c5374646c69625c41727261794f626a656374223a343a7b733a373a2273746f72616765223b613a323a7b733a393a22746f6b656e4c697374223b613a393a7b733a33323a226435636363376134396136646665393530663638656135333832383565316263223b733a33323a223534666330666431396161616566616239316535343437373534363130313537223b733a33323a223163376432306539353434623938326637323561323761393430346633646239223b733a33323a223063636163313739363632393337626133666564663863633034646530646234223b733a33323a226333626436393432313061623539383637633031356339313132323338643633223b733a33323a223532386661616330303632313238346433363938336265633163316237336637223b733a33323a223563373964666634383332376634356535316565393333383061336337633762223b733a33323a226566393538626631313339633263333235323764323265633537326439623064223b733a33323a223735363565323730343266653337326266653035336130616365323435386363223b733a33323a226130623030373431613435366133396130376535303530303836356638376632223b733a33323a226233323637303031653839653139303433343738343761663766386463383333223b733a33323a223133306664653337373131643932323130343566666461343761353833326561223b733a33323a226531666334353134363061333861663731623332616464363337363662643335223b733a33323a223932376535353265316461306464663734613437363236663035623639323231223b733a33323a223230306636323934316163333933356530313833316365613837336631306637223b733a33323a223237643936616632333566336639613839323134323761363361366330366631223b733a33323a226364346239333737313239393038636632616339666637383964323930316339223b733a33323a223634323136653738303366303663646334303331633132346236306131343462223b7d733a343a2268617368223b733a36353a2236343231366537383033663036636463343033316331323462363061313434622d6364346239333737313239393038636632616339666637383964323930316339223b7d733a343a22666c6167223b693a323b733a31333a226974657261746f72436c617373223b733a31333a2241727261794974657261746f72223b733a31393a2270726f74656374656450726f70657274696573223b613a343a7b693a303b733a373a2273746f72616765223b693a313b733a343a22666c6167223b693a323b733a31333a226974657261746f72436c617373223b693a333b733a31393a2270726f74656374656450726f70657274696573223b7d7d4c616d696e61735f56616c696461746f725f437372665f73616c745f637372667c4f3a32363a224c616d696e61735c5374646c69625c41727261794f626a656374223a343a7b733a373a2273746f72616765223b613a323a7b733a393a22746f6b656e4c697374223b613a313a7b733a33323a223133306561386430363730376331356233313461326337383532313934626637223b733a33323a223537633232356530356266353536393365316232356635303239366533326662223b7d733a343a2268617368223b733a36353a2235376332323565303562663535363933653162323566353032393665333266622d3133306561386430363730376331356233313461326337383532313934626637223b7d733a343a22666c6167223b693a323b733a31333a226974657261746f72436c617373223b733a31333a2241727261794974657261746f72223b733a31393a2270726f74656374656450726f70657274696573223b613a343a7b693a303b733a373a2273746f72616765223b693a313b733a343a22666c6167223b693a323b733a31333a226974657261746f72436c617373223b693a333b733a31393a2270726f74656374656450726f70657274696573223b7d7d, 1698304928),
('1e9b478da2cdcda33e34e134d50248c8', 0x5f5f4c616d696e61737c613a353a7b733a32303a225f524551554553545f4143434553535f54494d45223b643a313639383539303632352e3339303838363b733a363a225f56414c4944223b613a313a7b733a32383a224c616d696e61735c53657373696f6e5c56616c696461746f725c4964223b733a33323a223838396230613139623137663732646339353339643639313830663562393266223b7d733a34323a224c616d696e61735f56616c696461746f725f437372665f73616c745f6c6f67696e666f726d5f63737266223b613a313a7b733a363a22455850495245223b693a313639383539333739383b7d733a34343a224c616d696e61735f56616c696461746f725f437372665f73616c745f636f6e6669726d666f726d5f63737266223b613a313a7b733a363a22455850495245223b693a313639383539343233313b7d733a33323a224c616d696e61735f56616c696461746f725f437372665f73616c745f63737266223b613a313a7b733a363a22455850495245223b693a313639383539343135323b7d7d72656469726563745f75726c7c733a33333a22687474703a2f2f3132372e302e302e313a383030302f6f6d656b612f61646d696e223b4c616d696e61735f56616c696461746f725f437372665f73616c745f6c6f67696e666f726d5f637372667c4f3a32363a224c616d696e61735c5374646c69625c41727261794f626a656374223a343a7b733a373a2273746f72616765223b613a323a7b733a393a22746f6b656e4c697374223b613a313a7b733a33323a223131383561323965356262363465666165623439363030303065316134646235223b733a33323a223463343865643832343630313432303663376635363663383339363832646336223b7d733a343a2268617368223b733a36353a2234633438656438323436303134323036633766353636633833393638326463362d3131383561323965356262363465666165623439363030303065316134646235223b7d733a343a22666c6167223b693a323b733a31333a226974657261746f72436c617373223b733a31333a2241727261794974657261746f72223b733a31393a2270726f74656374656450726f70657274696573223b613a343a7b693a303b733a373a2273746f72616765223b693a313b733a343a22666c6167223b693a323b733a31333a226974657261746f72436c617373223b693a333b733a31393a2270726f74656374656450726f70657274696573223b7d7d4c616d696e61735f417574687c4f3a32363a224c616d696e61735c5374646c69625c41727261794f626a656374223a343a7b733a373a2273746f72616765223b613a313a7b733a373a2273746f72616765223b693a313b7d733a343a22666c6167223b693a323b733a31333a226974657261746f72436c617373223b733a31333a2241727261794974657261746f72223b733a31393a2270726f74656374656450726f70657274696573223b613a343a7b693a303b733a373a2273746f72616765223b693a313b733a343a22666c6167223b693a323b733a31333a226974657261746f72436c617373223b693a333b733a31393a2270726f74656374656450726f70657274696573223b7d7d4f6d656b614d657373656e6765727c4f3a32363a224c616d696e61735c5374646c69625c41727261794f626a656374223a343a7b733a373a2273746f72616765223b613a303a7b7d733a343a22666c6167223b693a323b733a31333a226974657261746f72436c617373223b733a31333a2241727261794974657261746f72223b733a31393a2270726f74656374656450726f70657274696573223b613a343a7b693a303b733a373a2273746f72616765223b693a313b733a343a22666c6167223b693a323b733a31333a226974657261746f72436c617373223b693a333b733a31393a2270726f74656374656450726f70657274696573223b7d7d4c616d696e61735f56616c696461746f725f437372665f73616c745f636f6e6669726d666f726d5f637372667c4f3a32363a224c616d696e61735c5374646c69625c41727261794f626a656374223a343a7b733a373a2273746f72616765223b613a323a7b733a393a22746f6b656e4c697374223b613a31313a7b733a33323a223938323263343733316637343937626137393536316336353934356363366439223b733a33323a223030613939393138333565396232343836356637613233356233396431653530223b733a33323a223235646564663632633433306635623564623166386135306432363161623939223b733a33323a223036373463373833323539373563343139356336643031663231633563363730223b733a33323a223064376431613633343136346364663533373664633961653235343431343833223b733a33323a223938643131373965343438663061663032323963636531623832616635383430223b733a33323a226338306637303635323430313439313061373466643236323665396435343635223b733a33323a223136396262623865323766336265373431333663333664633366323435383333223b733a33323a223066376666363431313533366634383263353063626562306334303162623630223b733a33323a223336366565383430313534336564376231383036616331333238366335383530223b733a33323a223937383634376337363762383937313232303638643861633139313533626139223b733a33323a226133303964643265303761316466653164383335313630353464396535303836223b733a33323a223163306137396662646366656430356366646633363663336435336536663766223b733a33323a223264336332336231333263633736306535333334396233346132343033663734223b733a33323a226338363135323030616365656161623530306261333439336139326336336161223b733a33323a226639653965363937613338626639313834303336613463383565333032303132223b733a33323a223339663866313330323863666166663265616662376536306332613535376433223b733a33323a226331396261636364616334323564363230663434376132386238646366313433223b733a33323a223839613262306266663638643536353830663033653961623233396230346161223b733a33323a226163666464653963303862663737623462646365356265366636643234313934223b733a33323a223139326665363438326265353163393261366639373962643232343738666636223b733a33323a226430626330353566383164623964386532346130633232343862616230316434223b7d733a343a2268617368223b733a36353a2264306263303535663831646239643865323461306332323438626162303164342d3139326665363438326265353163393261366639373962643232343738666636223b7d733a343a22666c6167223b693a323b733a31333a226974657261746f72436c617373223b733a31333a2241727261794974657261746f72223b733a31393a2270726f74656374656450726f70657274696573223b613a343a7b693a303b733a373a2273746f72616765223b693a313b733a343a22666c6167223b693a323b733a31333a226974657261746f72436c617373223b693a333b733a31393a2270726f74656374656450726f70657274696573223b7d7d4c616d696e61735f56616c696461746f725f437372665f73616c745f637372667c4f3a32363a224c616d696e61735c5374646c69625c41727261794f626a656374223a343a7b733a373a2273746f72616765223b613a323a7b733a393a22746f6b656e4c697374223b613a333a7b733a33323a223861333762646161346332616365633662303939386439643662313535636535223b733a33323a223339323461376535643639316564623735363262373837666461363736323731223b733a33323a223737643635646665396531663237363933306331323761366232653864313038223b733a33323a223338396634653262623165643531613139666166313334333436373062386566223b733a33323a223531363739643161356239636263343333653838323838636636363734653236223b733a33323a223335646530326437313664613633306665613337633832363830366436333730223b7d733a343a2268617368223b733a36353a2233356465303264373136646136333066656133376338323638303664363337302d3531363739643161356239636263343333653838323838636636363734653236223b7d733a343a22666c6167223b693a323b733a31333a226974657261746f72436c617373223b733a31333a2241727261794974657261746f72223b733a31393a2270726f74656374656450726f70657274696573223b613a343a7b693a303b733a373a2273746f72616765223b693a313b733a343a22666c6167223b693a323b733a31333a226974657261746f72436c617373223b693a333b733a31393a2270726f74656374656450726f70657274696573223b7d7d, 1698590632),
('22a0244167567d98495815f46c84794e', 0x5f5f4c616d696e61737c613a363a7b733a32303a225f524551554553545f4143434553535f54494d45223b643a313639383233363137322e3230393531333b733a363a225f56414c4944223b613a313a7b733a32383a224c616d696e61735c53657373696f6e5c56616c696461746f725c4964223b733a33323a223737646633643865663437383738663930646331306665656235323537633632223b7d733a34323a224c616d696e61735f56616c696461746f725f437372665f73616c745f6c6f67696e666f726d5f63737266223b613a313a7b733a363a22455850495245223b693a313639383233393138323b7d733a34343a224c616d696e61735f56616c696461746f725f437372665f73616c745f636f6e6669726d666f726d5f63737266223b613a313a7b733a363a22455850495245223b693a313639383233393332353b7d733a35333a224c616d696e61735f56616c696461746f725f437372665f73616c745f7265736f7572636574656d706c617465666f726d5f63737266223b613a313a7b733a363a22455850495245223b693a313639383233393332333b7d733a33323a224c616d696e61735f56616c696461746f725f437372665f73616c745f63737266223b613a313a7b733a363a22455850495245223b693a313639383233393536353b7d7d72656469726563745f75726c7c733a33333a22687474703a2f2f3132372e302e302e313a383030302f6f6d656b612f61646d696e223b4c616d696e61735f56616c696461746f725f437372665f73616c745f6c6f67696e666f726d5f637372667c4f3a32363a224c616d696e61735c5374646c69625c41727261794f626a656374223a343a7b733a373a2273746f72616765223b613a323a7b733a393a22746f6b656e4c697374223b613a313a7b733a33323a223435646230303633313331663036323566383139376265663064333166613335223b733a33323a223266326639373038636336366339383539313666343862656538393831386537223b7d733a343a2268617368223b733a36353a2232663266393730386363363663393835393136663438626565383938313865372d3435646230303633313331663036323566383139376265663064333166613335223b7d733a343a22666c6167223b693a323b733a31333a226974657261746f72436c617373223b733a31333a2241727261794974657261746f72223b733a31393a2270726f74656374656450726f70657274696573223b613a343a7b693a303b733a373a2273746f72616765223b693a313b733a343a22666c6167223b693a323b733a31333a226974657261746f72436c617373223b693a333b733a31393a2270726f74656374656450726f70657274696573223b7d7d4c616d696e61735f417574687c4f3a32363a224c616d696e61735c5374646c69625c41727261794f626a656374223a343a7b733a373a2273746f72616765223b613a313a7b733a373a2273746f72616765223b693a313b7d733a343a22666c6167223b693a323b733a31333a226974657261746f72436c617373223b733a31333a2241727261794974657261746f72223b733a31393a2270726f74656374656450726f70657274696573223b613a343a7b693a303b733a373a2273746f72616765223b693a313b733a343a22666c6167223b693a323b733a31333a226974657261746f72436c617373223b693a333b733a31393a2270726f74656374656450726f70657274696573223b7d7d4f6d656b614d657373656e6765727c4f3a32363a224c616d696e61735c5374646c69625c41727261794f626a656374223a343a7b733a373a2273746f72616765223b613a303a7b7d733a343a22666c6167223b693a323b733a31333a226974657261746f72436c617373223b733a31333a2241727261794974657261746f72223b733a31393a2270726f74656374656450726f70657274696573223b613a343a7b693a303b733a373a2273746f72616765223b693a313b733a343a22666c6167223b693a323b733a31333a226974657261746f72436c617373223b693a333b733a31393a2270726f74656374656450726f70657274696573223b7d7d4c616d696e61735f56616c696461746f725f437372665f73616c745f636f6e6669726d666f726d5f637372667c4f3a32363a224c616d696e61735c5374646c69625c41727261794f626a656374223a343a7b733a373a2273746f72616765223b613a323a7b733a393a22746f6b656e4c697374223b613a333a7b733a33323a223738656363363833303731356163623033333136393434303938636432373330223b733a33323a223431336438353763626238616632396635646536346531613061663663386334223b733a33323a223830623632336330633034306231613966636335663861393431623132306331223b733a33323a223637326539393538623964386232303366376564363038386534613062646535223b733a33323a223164666137653830343666383664643766656566363366303138346662386435223b733a33323a223861643238656566643465363465643330653137373139636164653938353537223b7d733a343a2268617368223b733a36353a2238616432386565666434653634656433306531373731396361646539383535372d3164666137653830343666383664643766656566363366303138346662386435223b7d733a343a22666c6167223b693a323b733a31333a226974657261746f72436c617373223b733a31333a2241727261794974657261746f72223b733a31393a2270726f74656374656450726f70657274696573223b613a343a7b693a303b733a373a2273746f72616765223b693a313b733a343a22666c6167223b693a323b733a31333a226974657261746f72436c617373223b693a333b733a31393a2270726f74656374656450726f70657274696573223b7d7d4c616d696e61735f56616c696461746f725f437372665f73616c745f7265736f7572636574656d706c617465666f726d5f637372667c4f3a32363a224c616d696e61735c5374646c69625c41727261794f626a656374223a343a7b733a373a2273746f72616765223b613a323a7b733a393a22746f6b656e4c697374223b613a313a7b733a33323a226430336661393538366639353533356238646665363163356264343938646561223b733a33323a226263633633336637646166393463626464646434306364656435333065373764223b7d733a343a2268617368223b733a36353a2262636336333366376461663934636264646464343063646564353330653737642d6430336661393538366639353533356238646665363163356264343938646561223b7d733a343a22666c6167223b693a323b733a31333a226974657261746f72436c617373223b733a31333a2241727261794974657261746f72223b733a31393a2270726f74656374656450726f70657274696573223b613a343a7b693a303b733a373a2273746f72616765223b693a313b733a343a22666c6167223b693a323b733a31333a226974657261746f72436c617373223b693a333b733a31393a2270726f74656374656450726f70657274696573223b7d7d4c616d696e61735f56616c696461746f725f437372665f73616c745f637372667c4f3a32363a224c616d696e61735c5374646c69625c41727261794f626a656374223a343a7b733a373a2273746f72616765223b613a323a7b733a393a22746f6b656e4c697374223b613a313a7b733a33323a226331663763363031303132393537666335376338626163643064303834383736223b733a33323a226162626232653835666336303535623961616662303234326565306564393738223b7d733a343a2268617368223b733a36353a2261626262326538356663363035356239616166623032343265653065643937382d6331663763363031303132393537666335376338626163643064303834383736223b7d733a343a22666c6167223b693a323b733a31333a226974657261746f72436c617373223b733a31333a2241727261794974657261746f72223b733a31393a2270726f74656374656450726f70657274696573223b613a343a7b693a303b733a373a2273746f72616765223b693a313b733a343a22666c6167223b693a323b733a31333a226974657261746f72436c617373223b693a333b733a31393a2270726f74656374656450726f70657274696573223b7d7d, 1698236176),
('5421da7afe3fd623258b73727321f22d', 0x5f5f4c616d696e61737c613a383a7b733a32303a225f524551554553545f4143434553535f54494d45223b643a313639383531303236382e3136353236393b733a363a225f56414c4944223b613a313a7b733a32383a224c616d696e61735c53657373696f6e5c56616c696461746f725c4964223b733a33323a223764333338353635663332343764666438356634393436373539383939653434223b7d733a34323a224c616d696e61735f56616c696461746f725f437372665f73616c745f6c6f67696e666f726d5f63737266223b613a313a7b733a363a22455850495245223b693a313639383530383434363b7d733a34373a224c616d696e61735f56616c696461746f725f437372665f73616c745f766f636162756c617279666f726d5f63737266223b613a313a7b733a363a22455850495245223b693a313639383531333138323b7d733a34343a224c616d696e61735f56616c696461746f725f437372665f73616c745f636f6e6669726d666f726d5f63737266223b613a313a7b733a363a22455850495245223b693a313639383531333230353b7d733a33323a224c616d696e61735f56616c696461746f725f437372665f73616c745f63737266223b613a313a7b733a363a22455850495245223b693a313639383531323634303b7d733a34383a224c616d696e61735f56616c696461746f725f437372665f73616c745f637573746f6d766f636162666f726d5f63737266223b613a313a7b733a363a22455850495245223b693a313639383531313435333b7d733a35333a224c616d696e61735f56616c696461746f725f437372665f73616c745f7265736f7572636574656d706c617465666f726d5f63737266223b613a313a7b733a363a22455850495245223b693a313639383531323439333b7d7d72656469726563745f75726c7c733a33333a22687474703a2f2f3132372e302e302e313a383030302f6f6d656b612f61646d696e223b4c616d696e61735f56616c696461746f725f437372665f73616c745f6c6f67696e666f726d5f637372667c4f3a32363a224c616d696e61735c5374646c69625c41727261794f626a656374223a343a7b733a373a2273746f72616765223b613a323a7b733a393a22746f6b656e4c697374223b613a323a7b733a33323a223035626139386539333730666336666334643763373065346365353963666464223b733a33323a226236613938333734303964646337656461366161616133643963303936363965223b733a33323a223838346662373435356634366463613531393638326637323764323063383534223b733a33323a223765366238626133366534393539613866353934373838326437363964646536223b7d733a343a2268617368223b733a36353a2237653662386261333665343935396138663539343738383264373639646465362d3838346662373435356634366463613531393638326637323764323063383534223b7d733a343a22666c6167223b693a323b733a31333a226974657261746f72436c617373223b733a31333a2241727261794974657261746f72223b733a31393a2270726f74656374656450726f70657274696573223b613a343a7b693a303b733a373a2273746f72616765223b693a313b733a343a22666c6167223b693a323b733a31333a226974657261746f72436c617373223b693a333b733a31393a2270726f74656374656450726f70657274696573223b7d7d4c616d696e61735f417574687c4f3a32363a224c616d696e61735c5374646c69625c41727261794f626a656374223a343a7b733a373a2273746f72616765223b613a313a7b733a373a2273746f72616765223b693a313b7d733a343a22666c6167223b693a323b733a31333a226974657261746f72436c617373223b733a31333a2241727261794974657261746f72223b733a31393a2270726f74656374656450726f70657274696573223b613a343a7b693a303b733a373a2273746f72616765223b693a313b733a343a22666c6167223b693a323b733a31333a226974657261746f72436c617373223b693a333b733a31393a2270726f74656374656450726f70657274696573223b7d7d4f6d656b614d657373656e6765727c4f3a32363a224c616d696e61735c5374646c69625c41727261794f626a656374223a343a7b733a373a2273746f72616765223b613a303a7b7d733a343a22666c6167223b693a323b733a31333a226974657261746f72436c617373223b733a31333a2241727261794974657261746f72223b733a31393a2270726f74656374656450726f70657274696573223b613a343a7b693a303b733a373a2273746f72616765223b693a313b733a343a22666c6167223b693a323b733a31333a226974657261746f72436c617373223b693a333b733a31393a2270726f74656374656450726f70657274696573223b7d7d4c616d696e61735f56616c696461746f725f437372665f73616c745f766f636162756c617279666f726d5f637372667c4f3a32363a224c616d696e61735c5374646c69625c41727261794f626a656374223a343a7b733a373a2273746f72616765223b613a323a7b733a393a22746f6b656e4c697374223b613a363a7b733a33323a226135663637303564623937616533383839316335616261343637333137376463223b733a33323a226161663932643838313239313530323265373436383264343965396533393162223b733a33323a226662303566383037623466643139623561343863323861646532383934653638223b733a33323a223930316162643737396465616236633466353562383538636565373234623438223b733a33323a223431626631643738396662626666666664303863313862303136326139363837223b733a33323a223565663036336361663830643734653136346136663863663030633435313439223b733a33323a223264663932353330323031306665623239663333383663643461613732666634223b733a33323a223437656431356463306265303030646638393836633335343066343637373739223b733a33323a223761343931343965316561366665383839346635626334666262353263333337223b733a33323a226266333137333738323038353962376566633032653362393066306236326438223b733a33323a223463393162623839373066306263653736363437646630326265393738336637223b733a33323a223133313761663866336632363531343162323666323937376264396566616163223b7d733a343a2268617368223b733a36353a2231333137616638663366323635313431623236663239373762643965666161632d3463393162623839373066306263653736363437646630326265393738336637223b7d733a343a22666c6167223b693a323b733a31333a226974657261746f72436c617373223b733a31333a2241727261794974657261746f72223b733a31393a2270726f74656374656450726f70657274696573223b613a343a7b693a303b733a373a2273746f72616765223b693a313b733a343a22666c6167223b693a323b733a31333a226974657261746f72436c617373223b693a333b733a31393a2270726f74656374656450726f70657274696573223b7d7d4c616d696e61735f56616c696461746f725f437372665f73616c745f636f6e6669726d666f726d5f637372667c4f3a32363a224c616d696e61735c5374646c69625c41727261794f626a656374223a343a7b733a373a2273746f72616765223b613a323a7b733a393a22746f6b656e4c697374223b613a32393a7b733a33323a226463636230373966346561633037656137623936653937323035616132653166223b733a33323a226236313735306438366337373266643737666234633235626436366237653032223b733a33323a223664323031343463653436613531343964393563623033623566653561336230223b733a33323a226638393835613935316332326539623230303035356564393332323665333133223b733a33323a223561356363386530363333316462336232343930333132616139383033613765223b733a33323a223964356566353239633365393863326263663331313335363964616131636264223b733a33323a223638663133666533323239633433346436393631623265643666386665303339223b733a33323a223165666231653965316633616333383031663938616336303663363432613233223b733a33323a226164346131636538326536643631653836363833353334333634616563613431223b733a33323a226266303666306265343134613864303434663339636539366336386537353635223b733a33323a223738346665643538356132393765386563653538306362616262313764303763223b733a33323a226231376436333035323039346361313538313433623339373162376631323263223b733a33323a226534326435373434633034356466656233653535326161616138373031303634223b733a33323a223262633137646465323833396230336636393639336162396630316637623835223b733a33323a226337393830643061613165653334653333383965393539333933393838636337223b733a33323a223537363534633235343039636235363937366162633666396439393163363361223b733a33323a226438643739393136656337363039636230623966633565663339383333626165223b733a33323a226465316333353361353164313930356530383166666663623432303637653636223b733a33323a226330356233303438346266383835626232346433666165313536313631303530223b733a33323a226531306664646163343863643863336431363838643963636232646137666634223b733a33323a226533373632623038366466663235353730373934633266633333386539346430223b733a33323a223365313036626666363132303465383630316665333037346661656636396361223b733a33323a226132656366663536626264333432383937636538303164306437396465373439223b733a33323a226562643035613762346539383935306333356539346231633663323766656261223b733a33323a226565623863646435336361323436303064373131336635356665313436636130223b733a33323a226538663661386265363336656166343239356130336266313765613039333738223b733a33323a226663663733316533346163373062323037656365376665313937396465643634223b733a33323a226563376631303939653936363635396630353933653762383465386565643137223b733a33323a223339613235663139383635316135363932336663373931616532393865393433223b733a33323a223464663265333031643763613262323766383565336437343861656464663965223b733a33323a226539633038373861356235626365336132623135303634353862386130326165223b733a33323a223064326364383430616361646239356364626331383535356564356632363165223b733a33323a223835613966376463633034626334303265343835653034303637656663363537223b733a33323a226166326261306638383036386534323165353732623961646463303566396139223b733a33323a223063636434323939623465333963623265636133376339393061393634323762223b733a33323a226539643834323363613731393033633432653761643364643936393566353263223b733a33323a226463623133386430356533363163643665356134363539343139376161303630223b733a33323a223533623933336165616330373335303030336434386266356462346131326335223b733a33323a226137613933303438653639373032366635353166633733643939356533323762223b733a33323a223736386138616534366564313838333735633062393431623564356564666364223b733a33323a223838363030663866356161323038396163623661353336663661343132653232223b733a33323a226433386431333639316330386336396332666263313764616461313661363564223b733a33323a226662353132333539373262386534363433643832353334356337623238386636223b733a33323a226333333361316162346461373831323838326466666266336364653137353561223b733a33323a223234386161626639663063313761633934666336386532383530653230393439223b733a33323a226261316332353431353037373934393065643932633433633739366563393238223b733a33323a226231373435373435333533653237336461303435646562353935333738643865223b733a33323a226165363464313735333437343038343665303739353832333332633839633233223b733a33323a223839386138333632366464643666323636316639363039656662646166373631223b733a33323a226239303339383064383039393664636232666161323731323334373565363332223b733a33323a226366363932353364366633373137316439343865623766303739323530333537223b733a33323a226130383033393930356564353833643434663035643637643737326331353364223b733a33323a223534663365633537373932383939386266303437636239666136333639666530223b733a33323a226261346661356435326439313834353661633236393332373038643734373562223b733a33323a226637383463306139396164636230636239363266323039373466623531353839223b733a33323a223135646665613238303937663733356466363663316363363334316366623966223b733a33323a226637333631323139643866626665373761613361376333653765323033353132223b733a33323a226261653863393537393461356331643336316435643139383431393137373035223b7d733a343a2268617368223b733a36353a2262616538633935373934613563316433363164356431393834313931373730352d6637333631323139643866626665373761613361376333653765323033353132223b7d733a343a22666c6167223b693a323b733a31333a226974657261746f72436c617373223b733a31333a2241727261794974657261746f72223b733a31393a2270726f74656374656450726f70657274696573223b613a343a7b693a303b733a373a2273746f72616765223b693a313b733a343a22666c6167223b693a323b733a31333a226974657261746f72436c617373223b693a333b733a31393a2270726f74656374656450726f70657274696573223b7d7d4c616d696e61735f56616c696461746f725f437372665f73616c745f637372667c4f3a32363a224c616d696e61735c5374646c69625c41727261794f626a656374223a343a7b733a373a2273746f72616765223b613a323a7b733a393a22746f6b656e4c697374223b613a31353a7b733a33323a223162343030346634663531653331346231313030366439386564653363643363223b733a33323a226633613434353661306165343865366661363766353364363432396138303434223b733a33323a223432376532323530656262386637353338343963303039396334323230363463223b733a33323a223732646333333635396539663562383164656334666661363433623935626263223b733a33323a223063393233653361323739313738323963333337643537306265666137656666223b733a33323a223663353935393261396635353235346565656532393030616662663164386431223b733a33323a223037313537313430363064393731353065393264643662626464656332323039223b733a33323a226564353730343665363432623639333764613966383735653036613331316133223b733a33323a223335373936643532356130336662616466323935323539626666393262643737223b733a33323a226663343530373036313465313030666630306365383362343039643065663063223b733a33323a226631336561313664326139633665663133633138326235623364626130343061223b733a33323a223838373930396330663663393030653363343531313035646236316530623465223b733a33323a223066643361653334636363356531656336343266636363653034313266613238223b733a33323a223663336162346631353966623664396132306166333430383736613233643131223b733a33323a223732353635383162343033633831656662313066633464636164393563303332223b733a33323a223063386561313539363533393761613939633463633336353333646264636436223b733a33323a223338653039363632623038656133313738663830633464613035396333396165223b733a33323a223766663535376138366264633539323234653830396239373663313031336263223b733a33323a223766333462353333363130363132343563633663343963316264383735636535223b733a33323a223735376365303564643233663362383731326335333932663638393161643839223b733a33323a223762373834376166343065623265346666633134326565343762343334633333223b733a33323a223133363062303532656230386139323134623865353932663539323937303563223b733a33323a223836643139623465366634386238343237383366353165636139653763326531223b733a33323a223432663431383138653363323731306130323966346133303832383530346161223b733a33323a226136613034663335636335666434623833373165663066373835323132343064223b733a33323a223635343361306565343538643136363762343262373631306261363466613135223b733a33323a226630306263396265336638326631303635623766326435303238373631376336223b733a33323a223839343130623632636234383936623936333265626533353762643063623538223b733a33323a226138333261306434373037653637383136383736366439376131633761663932223b733a33323a223234656365373165623266663162623535663466373431386639666530633262223b7d733a343a2268617368223b733a36353a2232346563653731656232666631626235356634663734313866396665306332622d6138333261306434373037653637383136383736366439376131633761663932223b7d733a343a22666c6167223b693a323b733a31333a226974657261746f72436c617373223b733a31333a2241727261794974657261746f72223b733a31393a2270726f74656374656450726f70657274696573223b613a343a7b693a303b733a373a2273746f72616765223b693a313b733a343a22666c6167223b693a323b733a31333a226974657261746f72436c617373223b693a333b733a31393a2270726f74656374656450726f70657274696573223b7d7d4c616d696e61735f56616c696461746f725f437372665f73616c745f637573746f6d766f636162666f726d5f637372667c4f3a32363a224c616d696e61735c5374646c69625c41727261794f626a656374223a343a7b733a373a2273746f72616765223b613a323a7b733a393a22746f6b656e4c697374223b613a363a7b733a33323a226235626430393165613033356564353864303164666532306333326435383561223b733a33323a226330623130366662666463333339666132643463353731366162636239666162223b733a33323a223536613033376334653339653666356166396137356638613833333838373038223b733a33323a223130376434366436333363613030623631366564323665646363383666386435223b733a33323a226465366166623865363037336631336262626134613132383136383535306633223b733a33323a226233653666613464366362323263653162333866306431366438663233643035223b733a33323a226664396638616662323363653930616434376166346238333163303563343634223b733a33323a223531313638333636656435383237663135336334386334333938656638313636223b733a33323a226332643535383039636430363439653065653832653930626365636339653035223b733a33323a226639613338666461663063323139343664376662613532366165303463653664223b733a33323a226531313463623161376664366534653734643433653830613563356331616237223b733a33323a223665383865616663363863376131633132373131623138666533333166313135223b7d733a343a2268617368223b733a36353a2236653838656166633638633761316331323731316231386665333331663131352d6531313463623161376664366534653734643433653830613563356331616237223b7d733a343a22666c6167223b693a323b733a31333a226974657261746f72436c617373223b733a31333a2241727261794974657261746f72223b733a31393a2270726f74656374656450726f70657274696573223b613a343a7b693a303b733a373a2273746f72616765223b693a313b733a343a22666c6167223b693a323b733a31333a226974657261746f72436c617373223b693a333b733a31393a2270726f74656374656450726f70657274696573223b7d7d4c616d696e61735f56616c696461746f725f437372665f73616c745f7265736f7572636574656d706c617465666f726d5f637372667c4f3a32363a224c616d696e61735c5374646c69625c41727261794f626a656374223a343a7b733a373a2273746f72616765223b613a323a7b733a393a22746f6b656e4c697374223b613a353a7b733a33323a223561353463666564383564303962626235373232666432366261303235343535223b733a33323a226430366462663230333438306566633363323862666233626532363137346430223b733a33323a226236353561346334343739333532323037353030646261323734383030666466223b733a33323a223935336161366332383338393130313639373139383235386366316231316535223b733a33323a223162363834653562633562323336316537386465303130393232626333346534223b733a33323a223538616338376334366133613538653161323532306266383933336535386236223b733a33323a226437616435306538623033646439666539326337393239323166663031623430223b733a33323a226161653837336536623331626366356135666462613865653934376362343066223b733a33323a226637626464336161333365356535376532613164316635383666383963653564223b733a33323a223565383836633762376338393035383165663238383133393432353365323364223b7d733a343a2268617368223b733a36353a2235653838366337623763383930353831656632383831333934323533653233642d6637626464336161333365356535376532613164316635383666383963653564223b7d733a343a22666c6167223b693a323b733a31333a226974657261746f72436c617373223b733a31333a2241727261794974657261746f72223b733a31393a2270726f74656374656450726f70657274696573223b613a343a7b693a303b733a373a2273746f72616765223b693a313b733a343a22666c6167223b693a323b733a31333a226974657261746f72436c617373223b693a333b733a31393a2270726f74656374656450726f70657274696573223b7d7d, 1698510271),
('593496098f57d794fff4e208bacae86d', 0x5f5f4c616d696e61737c613a353a7b733a32303a225f524551554553545f4143434553535f54494d45223b643a313639393131373037322e3736353039333b733a363a225f56414c4944223b613a313a7b733a32383a224c616d696e61735c53657373696f6e5c56616c696461746f725c4964223b733a33323a226363643562323962393933333161313434656666393736613834383664313931223b7d733a34323a224c616d696e61735f56616c696461746f725f437372665f73616c745f6c6f67696e666f726d5f63737266223b613a313a7b733a363a22455850495245223b693a313639393131303333353b7d733a34343a224c616d696e61735f56616c696461746f725f437372665f73616c745f636f6e6669726d666f726d5f63737266223b613a313a7b733a363a22455850495245223b693a313639393132303535343b7d733a33323a224c616d696e61735f56616c696461746f725f437372665f73616c745f63737266223b613a313a7b733a363a22455850495245223b693a313639393132303536343b7d7d72656469726563745f75726c7c733a33333a22687474703a2f2f3132372e302e302e313a383030302f6f6d656b612f61646d696e223b4c616d696e61735f56616c696461746f725f437372665f73616c745f6c6f67696e666f726d5f637372667c4f3a32363a224c616d696e61735c5374646c69625c41727261794f626a656374223a343a7b733a373a2273746f72616765223b613a323a7b733a393a22746f6b656e4c697374223b613a313a7b733a33323a226332663566376665396236623133303439383166646365313062313162636135223b733a33323a223534366262633531666136333662346632666163306164323766396466313236223b7d733a343a2268617368223b733a36353a2235343662626335316661363336623466326661633061643237663964663132362d6332663566376665396236623133303439383166646365313062313162636135223b7d733a343a22666c6167223b693a323b733a31333a226974657261746f72436c617373223b733a31333a2241727261794974657261746f72223b733a31393a2270726f74656374656450726f70657274696573223b613a343a7b693a303b733a373a2273746f72616765223b693a313b733a343a22666c6167223b693a323b733a31333a226974657261746f72436c617373223b693a333b733a31393a2270726f74656374656450726f70657274696573223b7d7d4c616d696e61735f417574687c4f3a32363a224c616d696e61735c5374646c69625c41727261794f626a656374223a343a7b733a373a2273746f72616765223b613a313a7b733a373a2273746f72616765223b693a313b7d733a343a22666c6167223b693a323b733a31333a226974657261746f72436c617373223b733a31333a2241727261794974657261746f72223b733a31393a2270726f74656374656450726f70657274696573223b613a343a7b693a303b733a373a2273746f72616765223b693a313b733a343a22666c6167223b693a323b733a31333a226974657261746f72436c617373223b693a333b733a31393a2270726f74656374656450726f70657274696573223b7d7d4f6d656b614d657373656e6765727c4f3a32363a224c616d696e61735c5374646c69625c41727261794f626a656374223a343a7b733a373a2273746f72616765223b613a303a7b7d733a343a22666c6167223b693a323b733a31333a226974657261746f72436c617373223b733a31333a2241727261794974657261746f72223b733a31393a2270726f74656374656450726f70657274696573223b613a343a7b693a303b733a373a2273746f72616765223b693a313b733a343a22666c6167223b693a323b733a31333a226974657261746f72436c617373223b693a333b733a31393a2270726f74656374656450726f70657274696573223b7d7d4c616d696e61735f56616c696461746f725f437372665f73616c745f636f6e6669726d666f726d5f637372667c4f3a32363a224c616d696e61735c5374646c69625c41727261794f626a656374223a343a7b733a373a2273746f72616765223b613a323a7b733a393a22746f6b656e4c697374223b613a373a7b733a33323a226137636237386636666664616239346364333039363734356634643430336336223b733a33323a226366306661323461393735353661363631373337306132336239623735656235223b733a33323a226362666131626332373034303031333566613739383361623837666333393430223b733a33323a223232316162623639396130386139363139656137323131363364363962343536223b733a33323a223665313639616666343261633762373731343230323230646232623734323239223b733a33323a223734386265626133363463323766656331336464383866656137383763656166223b733a33323a223131363865353934346237346233376530313765343838313161663035386634223b733a33323a226264316264663361386561656664393936316537303638623139353838623632223b733a33323a226263343937626165366461623839383363346166343231393466643739376466223b733a33323a226664373763376532616539656233363832356465663038613335306237646135223b733a33323a223461643563383937336663353338656231633332383461306563363637336639223b733a33323a226562656232343136616262616639313039626235303732303933306463666636223b733a33323a226637336533343966336136653937333166366434306334383934353334333431223b733a33323a223438376531373531613165333263646335383131636130373232633932373939223b7d733a343a2268617368223b733a36353a2234383765313735316131653332636463353831316361303732326339323739392d6637336533343966336136653937333166366434306334383934353334333431223b7d733a343a22666c6167223b693a323b733a31333a226974657261746f72436c617373223b733a31333a2241727261794974657261746f72223b733a31393a2270726f74656374656450726f70657274696573223b613a343a7b693a303b733a373a2273746f72616765223b693a313b733a343a22666c6167223b693a323b733a31333a226974657261746f72436c617373223b693a333b733a31393a2270726f74656374656450726f70657274696573223b7d7d4c616d696e61735f56616c696461746f725f437372665f73616c745f637372667c4f3a32363a224c616d696e61735c5374646c69625c41727261794f626a656374223a343a7b733a373a2273746f72616765223b613a323a7b733a393a22746f6b656e4c697374223b613a343a7b733a33323a223737636639666139656333386230343965396138336536363032343064663030223b733a33323a223863383736373739383563306633623764323933663033643636313234363864223b733a33323a226631666366653664353538333737333964393130396132333537316166326432223b733a33323a226637663832313037333063336365353031336565393432386162303535303565223b733a33323a223466616161366165653035333238396365633965303764626635356164303964223b733a33323a223830366361323936396631306165633064663862336536643964363461633566223b733a33323a226330643363376235396564656366663663363432343130396366613435646439223b733a33323a226661326539656538373439393039396131373734383632666162396436353133223b7d733a343a2268617368223b733a36353a2266613265396565383734393930393961313737343836326661623964363531332d6330643363376235396564656366663663363432343130396366613435646439223b7d733a343a22666c6167223b693a323b733a31333a226974657261746f72436c617373223b733a31333a2241727261794974657261746f72223b733a31393a2270726f74656374656450726f70657274696573223b613a343a7b693a303b733a373a2273746f72616765223b693a313b733a343a22666c6167223b693a323b733a31333a226974657261746f72436c617373223b693a333b733a31393a2270726f74656374656450726f70657274696573223b7d7d, 1699117075),
('6c15b2bd10bd660d11f32978f010518f', 0x5f5f4c616d696e61737c613a363a7b733a32303a225f524551554553545f4143434553535f54494d45223b643a313639383332383038382e3733383433333b733a363a225f56414c4944223b613a313a7b733a32383a224c616d696e61735c53657373696f6e5c56616c696461746f725c4964223b733a33323a223363653038616338363539616165333462356265356338386263376337356230223b7d733a34323a224c616d696e61735f56616c696461746f725f437372665f73616c745f6c6f67696e666f726d5f63737266223b613a313a7b733a363a22455850495245223b693a313639383333313339323b7d733a34343a224c616d696e61735f56616c696461746f725f437372665f73616c745f636f6e6669726d666f726d5f63737266223b613a313a7b733a363a22455850495245223b693a313639383333313639313b7d733a33323a224c616d696e61735f56616c696461746f725f437372665f73616c745f63737266223b613a313a7b733a363a22455850495245223b693a313639383333313633393b7d733a35333a224c616d696e61735f56616c696461746f725f437372665f73616c745f7265736f7572636574656d706c617465666f726d5f63737266223b613a313a7b733a363a22455850495245223b693a313639383333313639303b7d7d72656469726563745f75726c7c733a33333a22687474703a2f2f3132372e302e302e313a383030302f6f6d656b612f61646d696e223b4c616d696e61735f56616c696461746f725f437372665f73616c745f6c6f67696e666f726d5f637372667c4f3a32363a224c616d696e61735c5374646c69625c41727261794f626a656374223a343a7b733a373a2273746f72616765223b613a323a7b733a393a22746f6b656e4c697374223b613a313a7b733a33323a223535393332383239346631346639323938643564353837356232653734663863223b733a33323a223035663136313435643333323262343865616632366431663464323432373535223b7d733a343a2268617368223b733a36353a2230356631363134356433333232623438656166323664316634643234323735352d3535393332383239346631346639323938643564353837356232653734663863223b7d733a343a22666c6167223b693a323b733a31333a226974657261746f72436c617373223b733a31333a2241727261794974657261746f72223b733a31393a2270726f74656374656450726f70657274696573223b613a343a7b693a303b733a373a2273746f72616765223b693a313b733a343a22666c6167223b693a323b733a31333a226974657261746f72436c617373223b693a333b733a31393a2270726f74656374656450726f70657274696573223b7d7d4c616d696e61735f417574687c4f3a32363a224c616d696e61735c5374646c69625c41727261794f626a656374223a343a7b733a373a2273746f72616765223b613a313a7b733a373a2273746f72616765223b693a313b7d733a343a22666c6167223b693a323b733a31333a226974657261746f72436c617373223b733a31333a2241727261794974657261746f72223b733a31393a2270726f74656374656450726f70657274696573223b613a343a7b693a303b733a373a2273746f72616765223b693a313b733a343a22666c6167223b693a323b733a31333a226974657261746f72436c617373223b693a333b733a31393a2270726f74656374656450726f70657274696573223b7d7d4f6d656b614d657373656e6765727c4f3a32363a224c616d696e61735c5374646c69625c41727261794f626a656374223a343a7b733a373a2273746f72616765223b613a303a7b7d733a343a22666c6167223b693a323b733a31333a226974657261746f72436c617373223b733a31333a2241727261794974657261746f72223b733a31393a2270726f74656374656450726f70657274696573223b613a343a7b693a303b733a373a2273746f72616765223b693a313b733a343a22666c6167223b693a323b733a31333a226974657261746f72436c617373223b693a333b733a31393a2270726f74656374656450726f70657274696573223b7d7d4c616d696e61735f56616c696461746f725f437372665f73616c745f636f6e6669726d666f726d5f637372667c4f3a32363a224c616d696e61735c5374646c69625c41727261794f626a656374223a343a7b733a373a2273746f72616765223b613a323a7b733a393a22746f6b656e4c697374223b613a333a7b733a33323a226233393837383162623531393035663636643134663564346464376666333038223b733a33323a226537623962636165383733323335353864656134333931633938346364343762223b733a33323a226366363665363238376165303464366463653730636137346539633833656433223b733a33323a223032333464333232653239303134623436633238663237626533393565653434223b733a33323a226364323665643961343764666432346238396238393565336264666161383739223b733a33323a223563386266653831363461303431353962346165636262626235353637343031223b7d733a343a2268617368223b733a36353a2235633862666538313634613034313539623461656362626262353536373430312d6364323665643961343764666432346238396238393565336264666161383739223b7d733a343a22666c6167223b693a323b733a31333a226974657261746f72436c617373223b733a31333a2241727261794974657261746f72223b733a31393a2270726f74656374656450726f70657274696573223b613a343a7b693a303b733a373a2273746f72616765223b693a313b733a343a22666c6167223b693a323b733a31333a226974657261746f72436c617373223b693a333b733a31393a2270726f74656374656450726f70657274696573223b7d7d4c616d696e61735f56616c696461746f725f437372665f73616c745f637372667c4f3a32363a224c616d696e61735c5374646c69625c41727261794f626a656374223a343a7b733a373a2273746f72616765223b613a323a7b733a393a22746f6b656e4c697374223b613a353a7b733a33323a223235663439613738396532626438326664306462353239323161616635623237223b733a33323a223239653134343565393466306338383731393039363036316265333063646464223b733a33323a226164303463333833346135333164376330653764633032666437663039636338223b733a33323a223132333033383134353461323132333630336132623635306435613337346233223b733a33323a223462376230666639633766653938613463623961306131663934616163613137223b733a33323a226132343537343132343065623539383264303637633066323331366562633730223b733a33323a223534366663616163363064393831326132626134366264373961303561633061223b733a33323a226231636463376139626462333430316561343535656361333138373364356562223b733a33323a223336363739393237373961366264663537386537316463633031373234636233223b733a33323a226135313837323934663737623636313133336437366531343636373038396132223b7d733a343a2268617368223b733a36353a2261353138373239346637376236363131333364373665313436363730383961322d3336363739393237373961366264663537386537316463633031373234636233223b7d733a343a22666c6167223b693a323b733a31333a226974657261746f72436c617373223b733a31333a2241727261794974657261746f72223b733a31393a2270726f74656374656450726f70657274696573223b613a343a7b693a303b733a373a2273746f72616765223b693a313b733a343a22666c6167223b693a323b733a31333a226974657261746f72436c617373223b693a333b733a31393a2270726f74656374656450726f70657274696573223b7d7d4c616d696e61735f56616c696461746f725f437372665f73616c745f7265736f7572636574656d706c617465666f726d5f637372667c4f3a32363a224c616d696e61735c5374646c69625c41727261794f626a656374223a343a7b733a373a2273746f72616765223b613a323a7b733a393a22746f6b656e4c697374223b613a313a7b733a33323a223432656534343035343965313965306631303931363230366337336566616636223b733a33323a223934373034373862393535373961646361643361636634326666663535616165223b7d733a343a2268617368223b733a36353a2239343730343738623935353739616463616433616366343266666635356161652d3432656534343035343965313965306631303931363230366337336566616636223b7d733a343a22666c6167223b693a323b733a31333a226974657261746f72436c617373223b733a31333a2241727261794974657261746f72223b733a31393a2270726f74656374656450726f70657274696573223b613a343a7b693a303b733a373a2273746f72616765223b693a313b733a343a22666c6167223b693a323b733a31333a226974657261746f72436c617373223b693a333b733a31393a2270726f74656374656450726f70657274696573223b7d7d, 1698328091);
INSERT INTO `session` (`id`, `data`, `modified`) VALUES
('8aebe45d9c47002f34c8152dd3e389f5', 0x5f5f4c616d696e61737c613a373a7b733a32303a225f524551554553545f4143434553535f54494d45223b643a313639373733393636362e3330393739393b733a363a225f56414c4944223b613a313a7b733a32383a224c616d696e61735c53657373696f6e5c56616c696461746f725c4964223b733a33323a223766656631353662656237323962393732623539303138633764363432656432223b7d733a34323a224c616d696e61735f56616c696461746f725f437372665f73616c745f6c6f67696e666f726d5f63737266223b613a313a7b733a363a22455850495245223b693a313639373733393139303b7d733a33323a224c616d696e61735f56616c696461746f725f437372665f73616c745f63737266223b613a313a7b733a363a22455850495245223b693a313639373734333230313b7d733a34343a224c616d696e61735f56616c696461746f725f437372665f73616c745f636f6e6669726d666f726d5f63737266223b613a313a7b733a363a22455850495245223b693a313639373734333232303b7d733a35333a224c616d696e61735f56616c696461746f725f437372665f73616c745f7265736f7572636574656d706c617465666f726d5f63737266223b613a313a7b733a363a22455850495245223b693a313639373734323133383b7d733a34373a224c616d696e61735f56616c696461746f725f437372665f73616c745f766f636162756c617279666f726d5f63737266223b613a313a7b733a363a22455850495245223b693a313639373734333234383b7d7d4c616d696e61735f56616c696461746f725f437372665f73616c745f6c6f67696e666f726d5f637372667c4f3a32363a224c616d696e61735c5374646c69625c41727261794f626a656374223a343a7b733a373a2273746f72616765223b613a323a7b733a393a22746f6b656e4c697374223b613a313a7b733a33323a226234663030613533326535646335636133623434306664623134643865663932223b733a33323a223139653338303132663036633730643731303535613034386331653032636363223b7d733a343a2268617368223b733a36353a2231396533383031326630366337306437313035356130343863316530326363632d6234663030613533326535646335636133623434306664623134643865663932223b7d733a343a22666c6167223b693a323b733a31333a226974657261746f72436c617373223b733a31333a2241727261794974657261746f72223b733a31393a2270726f74656374656450726f70657274696573223b613a343a7b693a303b733a373a2273746f72616765223b693a313b733a343a22666c6167223b693a323b733a31333a226974657261746f72436c617373223b693a333b733a31393a2270726f74656374656450726f70657274696573223b7d7d4c616d696e61735f417574687c4f3a32363a224c616d696e61735c5374646c69625c41727261794f626a656374223a343a7b733a373a2273746f72616765223b613a313a7b733a373a2273746f72616765223b693a313b7d733a343a22666c6167223b693a323b733a31333a226974657261746f72436c617373223b733a31333a2241727261794974657261746f72223b733a31393a2270726f74656374656450726f70657274696573223b613a343a7b693a303b733a373a2273746f72616765223b693a313b733a343a22666c6167223b693a323b733a31333a226974657261746f72436c617373223b693a333b733a31393a2270726f74656374656450726f70657274696573223b7d7d4f6d656b614d657373656e6765727c4f3a32363a224c616d696e61735c5374646c69625c41727261794f626a656374223a343a7b733a373a2273746f72616765223b613a303a7b7d733a343a22666c6167223b693a323b733a31333a226974657261746f72436c617373223b733a31333a2241727261794974657261746f72223b733a31393a2270726f74656374656450726f70657274696573223b613a343a7b693a303b733a373a2273746f72616765223b693a313b733a343a22666c6167223b693a323b733a31333a226974657261746f72436c617373223b693a333b733a31393a2270726f74656374656450726f70657274696573223b7d7d72656469726563745f75726c7c4e3b4c616d696e61735f56616c696461746f725f437372665f73616c745f637372667c4f3a32363a224c616d696e61735c5374646c69625c41727261794f626a656374223a343a7b733a373a2273746f72616765223b613a323a7b733a393a22746f6b656e4c697374223b613a373a7b733a33323a226661613135303265326362363132353633373835666631346635653561376631223b733a33323a226465646235633064666464333132636332373334623063306266613661303031223b733a33323a223661636133623532663136343762646363343733653366363564626534616639223b733a33323a223265663764373334613734313138316137323262313531353938666465626466223b733a33323a226232393838306334306336643439303466616437666435366338626438623630223b733a33323a226431613630316538373063363134633438376433643762386436613766373935223b733a33323a226162353432313136373136373738373132653930666438653230346334376665223b733a33323a226132306635643236613262326162336638333737366136623262343739306466223b733a33323a226233356665633331353433643366646533656663383262376231313864313434223b733a33323a226137623734336136383237376431656335366532373235373061346632616335223b733a33323a223766633062643935363565623133623962346161623531646662653163343765223b733a33323a226637313739396462623237346531356166613064643238666134653665393139223b733a33323a223030653137643363313664326133636363323361663336383934333836616665223b733a33323a223735333766663430393439633562666563316163323633626136633331613530223b7d733a343a2268617368223b733a36353a2237353337666634303934396335626665633161633236336261366333316135302d3030653137643363313664326133636363323361663336383934333836616665223b7d733a343a22666c6167223b693a323b733a31333a226974657261746f72436c617373223b733a31333a2241727261794974657261746f72223b733a31393a2270726f74656374656450726f70657274696573223b613a343a7b693a303b733a373a2273746f72616765223b693a313b733a343a22666c6167223b693a323b733a31333a226974657261746f72436c617373223b693a333b733a31393a2270726f74656374656450726f70657274696573223b7d7d4c616d696e61735f56616c696461746f725f437372665f73616c745f636f6e6669726d666f726d5f637372667c4f3a32363a224c616d696e61735c5374646c69625c41727261794f626a656374223a343a7b733a373a2273746f72616765223b613a323a7b733a393a22746f6b656e4c697374223b613a353a7b733a33323a223139326230306563313033363364373061616234363763363537393762323732223b733a33323a223334376563316137613764666236626432393832366162663566643236313730223b733a33323a226639303430353661373836373934393361643139383833613564363638666562223b733a33323a226433356133376238323961396533313135623337643864386663336365636334223b733a33323a223939306131623437326434346237633034343263316665353466623439313366223b733a33323a223265363432626365346331616365313430326266656665396337653232653732223b733a33323a223530323163666232666434303863653631346630656136316139666635323033223b733a33323a226138303634383264393238393465643563336432663034653239353930646436223b733a33323a223261616665313962386362346435633961616232306638626431353562373231223b733a33323a223261323665336331633862656139393239663739643162633762383962366261223b7d733a343a2268617368223b733a36353a2232613236653363316338626561393932396637396431626337623839623662612d3261616665313962386362346435633961616232306638626431353562373231223b7d733a343a22666c6167223b693a323b733a31333a226974657261746f72436c617373223b733a31333a2241727261794974657261746f72223b733a31393a2270726f74656374656450726f70657274696573223b613a343a7b693a303b733a373a2273746f72616765223b693a313b733a343a22666c6167223b693a323b733a31333a226974657261746f72436c617373223b693a333b733a31393a2270726f74656374656450726f70657274696573223b7d7d4c616d696e61735f56616c696461746f725f437372665f73616c745f7265736f7572636574656d706c617465666f726d5f637372667c4f3a32363a224c616d696e61735c5374646c69625c41727261794f626a656374223a343a7b733a373a2273746f72616765223b613a323a7b733a393a22746f6b656e4c697374223b613a313a7b733a33323a223335333764353838366634366562643937616539663531656435633035653633223b733a33323a223437666361656531393038643166626265363562313264323637346631396264223b7d733a343a2268617368223b733a36353a2234376663616565313930386431666262653635623132643236373466313962642d3335333764353838366634366562643937616539663531656435633035653633223b7d733a343a22666c6167223b693a323b733a31333a226974657261746f72436c617373223b733a31333a2241727261794974657261746f72223b733a31393a2270726f74656374656450726f70657274696573223b613a343a7b693a303b733a373a2273746f72616765223b693a313b733a343a22666c6167223b693a323b733a31333a226974657261746f72436c617373223b693a333b733a31393a2270726f74656374656450726f70657274696573223b7d7d4c616d696e61735f56616c696461746f725f437372665f73616c745f766f636162756c617279666f726d5f637372667c4f3a32363a224c616d696e61735c5374646c69625c41727261794f626a656374223a343a7b733a373a2273746f72616765223b613a323a7b733a393a22746f6b656e4c697374223b613a313a7b733a33323a223031393966356235663035316438653266343030353336623262613138323737223b733a33323a223163663738323532663664356434336163666338623436643066663131623435223b7d733a343a2268617368223b733a36353a2231636637383235326636643564343361636663386234366430666631316234352d3031393966356235663035316438653266343030353336623262613138323737223b7d733a343a22666c6167223b693a323b733a31333a226974657261746f72436c617373223b733a31333a2241727261794974657261746f72223b733a31393a2270726f74656374656450726f70657274696573223b613a343a7b693a303b733a373a2273746f72616765223b693a313b733a343a22666c6167223b693a323b733a31333a226974657261746f72436c617373223b693a333b733a31393a2270726f74656374656450726f70657274696573223b7d7d, 1697739667),
('a600abeaef00cfe6088bc650c2c160ff', 0x5f5f4c616d696e61737c613a363a7b733a32303a225f524551554553545f4143434553535f54494d45223b643a313639383730313033342e3737303438353b733a363a225f56414c4944223b613a313a7b733a32383a224c616d696e61735c53657373696f6e5c56616c696461746f725c4964223b733a33323a226239376362396464366165373436633536386439336461363363626233643262223b7d733a34323a224c616d696e61735f56616c696461746f725f437372665f73616c745f6c6f67696e666f726d5f63737266223b613a313a7b733a363a22455850495245223b693a313639383730323531393b7d733a34343a224c616d696e61735f56616c696461746f725f437372665f73616c745f636f6e6669726d666f726d5f63737266223b613a313a7b733a363a22455850495245223b693a313639383730343433343b7d733a33323a224c616d696e61735f56616c696461746f725f437372665f73616c745f63737266223b613a313a7b733a363a22455850495245223b693a313639383730343134353b7d733a35333a224c616d696e61735f56616c696461746f725f437372665f73616c745f7265736f7572636574656d706c617465666f726d5f63737266223b613a313a7b733a363a22455850495245223b693a313639383730333139333b7d7d72656469726563745f75726c7c733a33333a22687474703a2f2f3132372e302e302e313a383030302f6f6d656b612f61646d696e223b4c616d696e61735f56616c696461746f725f437372665f73616c745f6c6f67696e666f726d5f637372667c4f3a32363a224c616d696e61735c5374646c69625c41727261794f626a656374223a343a7b733a373a2273746f72616765223b613a323a7b733a393a22746f6b656e4c697374223b613a313a7b733a33323a223735616138383231393964343437613561626431303031306165393062663831223b733a33323a223130303065303330653831396462373735383933663437313030633433323038223b7d733a343a2268617368223b733a36353a2231303030653033306538313964623737353839336634373130306334333230382d3735616138383231393964343437613561626431303031306165393062663831223b7d733a343a22666c6167223b693a323b733a31333a226974657261746f72436c617373223b733a31333a2241727261794974657261746f72223b733a31393a2270726f74656374656450726f70657274696573223b613a343a7b693a303b733a373a2273746f72616765223b693a313b733a343a22666c6167223b693a323b733a31333a226974657261746f72436c617373223b693a333b733a31393a2270726f74656374656450726f70657274696573223b7d7d4c616d696e61735f417574687c4f3a32363a224c616d696e61735c5374646c69625c41727261794f626a656374223a343a7b733a373a2273746f72616765223b613a313a7b733a373a2273746f72616765223b693a313b7d733a343a22666c6167223b693a323b733a31333a226974657261746f72436c617373223b733a31333a2241727261794974657261746f72223b733a31393a2270726f74656374656450726f70657274696573223b613a343a7b693a303b733a373a2273746f72616765223b693a313b733a343a22666c6167223b693a323b733a31333a226974657261746f72436c617373223b693a333b733a31393a2270726f74656374656450726f70657274696573223b7d7d4f6d656b614d657373656e6765727c4f3a32363a224c616d696e61735c5374646c69625c41727261794f626a656374223a343a7b733a373a2273746f72616765223b613a303a7b7d733a343a22666c6167223b693a323b733a31333a226974657261746f72436c617373223b733a31333a2241727261794974657261746f72223b733a31393a2270726f74656374656450726f70657274696573223b613a343a7b693a303b733a373a2273746f72616765223b693a313b733a343a22666c6167223b693a323b733a31333a226974657261746f72436c617373223b693a333b733a31393a2270726f74656374656450726f70657274696573223b7d7d4c616d696e61735f56616c696461746f725f437372665f73616c745f636f6e6669726d666f726d5f637372667c4f3a32363a224c616d696e61735c5374646c69625c41727261794f626a656374223a343a7b733a373a2273746f72616765223b613a323a7b733a393a22746f6b656e4c697374223b613a33323a7b733a33323a223764343631653561336636376339346537383231623737386537323661656438223b733a33323a226137663736643234393564643564333734363263653631633061383366653639223b733a33323a226134373236333964306639306136663861646539343835663361306362376637223b733a33323a226436333033666634346666643832613963656466396231323239626433323834223b733a33323a226539336534343833373462613335313030343431643766326265303430336139223b733a33323a223630333936656261656330663135653235383537376361366535303564363566223b733a33323a223063663466353137393066646233323630613431386531373030366237623662223b733a33323a223932316631396135376163626165353061633163346666376434303965613166223b733a33323a226561306635333837623934643965383138383033616166376135656563383533223b733a33323a223137643835333633313432656531393834363666303831643662643731363833223b733a33323a226537646162356537383732326164613263346531353765366136396361323237223b733a33323a223861326539306265383239383164396236303439356437323535633066623737223b733a33323a226439323864393933303138623731353233373337326166356435386364663063223b733a33323a223661643339363365633131363538663936313362386234626362666664613138223b733a33323a226363623834306465613362643966343161333432353265353364353765383135223b733a33323a223133393330666336383364333565636362383232626166643965373962333233223b733a33323a223633303730313736613634626266643133373364303332306265383930326432223b733a33323a223331633931633537353033616634616230343433393263373962313561646133223b733a33323a223666353439326564366633306637656437393636396237616466306137373665223b733a33323a226231323431646664356537633434623839643565626639313362343166633432223b733a33323a223765383466636263323765386365653236316139666430303739373661626232223b733a33323a223531623562616265636631323031353566353865346134616335363764633035223b733a33323a226431653462316537363936376635343064326237306432306232366231356235223b733a33323a223265366361336365353034363836636433653533646635386530646637666565223b733a33323a223962646531633237656335306661303366633264663562323836326139326130223b733a33323a226630333937633865373232626361653936313764623232303261623837323831223b733a33323a223764336335626639643266633562313265663164643063393732633834343036223b733a33323a223137393162646566646437666166633639623935666661326561623936313634223b733a33323a223564666438376561333133323233386235336135643437386538303334356263223b733a33323a226331636166333263636664653364653164633862313163303337366635386263223b733a33323a223466343539656237616638336637653163373463616262306439366365643633223b733a33323a226139656538356464323237653538303237376437666262386434643034373665223b733a33323a223730316538323066353931353366646131373832306532373962363139396165223b733a33323a226361376238613634396638353632646432643062313736656263383966373664223b733a33323a226361393238353562376330633938636666363135306530626138336231306531223b733a33323a223035396232343963356265393062343634646131393932623632376333356364223b733a33323a223731346163653364626134656661326231633066353563373064616631383331223b733a33323a226265633935663961636234316335353839623463663735646363343930626232223b733a33323a226434613939346462646130383433313561303566313436343061343238623066223b733a33323a223838366663613430353730616463303830393234666530653231613937626563223b733a33323a226637626634343633336361646436353435623538356439623838373364303730223b733a33323a223038333939343937653032323263646132646561363566636464643663393436223b733a33323a223361663339336530633961373933666261636234313362316636373032663464223b733a33323a223537636433623965343231386630613936323065323434373631386461333334223b733a33323a223930613635616263663365353035373961396130353361313136643663373431223b733a33323a223038343230646632373233356635393031633239393564343166356538376364223b733a33323a223566333163323030656364346433383962336634383966383462623730353564223b733a33323a226536646361383866613635306135366165633236313338353533343761363334223b733a33323a223136643766646163656463646331363135313230663466383538636235613831223b733a33323a226238326337643562646634366665623930306263656366376430636364396562223b733a33323a226537333238333039386234323561333936613939643163616439633230313539223b733a33323a223663616532373361616264646332363439643131336536366133613030373933223b733a33323a223331623563336135323436353736326163343962636336636165313335393037223b733a33323a223665356364616536336333363263643531653762656330373261626565656561223b733a33323a226364613564373831656666313735303135373561346361336437643832396639223b733a33323a226266363761663536323730656438346630613363636463323036316463313338223b733a33323a223930363163376166366335393766616566663462383462323133393038626334223b733a33323a223164653238353364633934383438313137323033376638396334656262363933223b733a33323a226236373535353134653435623933363239393861363733373739313061323565223b733a33323a223731313639646339623961303665656565306465656439343563643934383765223b733a33323a226364623137393338613538626332393935303164373362623139316164376565223b733a33323a226230316363306334346538373361663536646265313463663062356637323031223b733a33323a226134346235613233353464663462396139663532366361653865376664373336223b733a33323a223232313036663666663232326166333162366330646236336431343264633432223b7d733a343a2268617368223b733a36353a2232323130366636666632323261663331623663306462363364313432646334322d6134346235613233353464663462396139663532366361653865376664373336223b7d733a343a22666c6167223b693a323b733a31333a226974657261746f72436c617373223b733a31333a2241727261794974657261746f72223b733a31393a2270726f74656374656450726f70657274696573223b613a343a7b693a303b733a373a2273746f72616765223b693a313b733a343a22666c6167223b693a323b733a31333a226974657261746f72436c617373223b693a333b733a31393a2270726f74656374656450726f70657274696573223b7d7d4c616d696e61735f56616c696461746f725f437372665f73616c745f637372667c4f3a32363a224c616d696e61735c5374646c69625c41727261794f626a656374223a343a7b733a373a2273746f72616765223b613a323a7b733a393a22746f6b656e4c697374223b613a31323a7b733a33323a223934636437613239396638373530663931376630643161663963373631313336223b733a33323a223337363763306563393032313461366661336630623365643737643236336166223b733a33323a223734383935323639376333366136306362383435653139343132643336316165223b733a33323a226361373239383762346336313464316234633564333161396636643034316536223b733a33323a223833306266663735323465643639343330303165306231306530323562393061223b733a33323a223037303463666437313738613637356665306562636339353836613037326164223b733a33323a223466613239633363653935613233383236353162383863656262336138666636223b733a33323a223330623438386166656430313038613630306330663832396536313037333235223b733a33323a223331363737646466643930626238303730383239623061623763313437383231223b733a33323a223334633632623235393731376335626663356565613134363339356565323930223b733a33323a223261363262646463383863303836623232666632623237373739373363373062223b733a33323a223762333739396463386534306435656232323364633161326131333933326437223b733a33323a226636643239613461373165646333623239323130323766316537386430303430223b733a33323a223366613065373736323130636236323630326264323963626264666537343531223b733a33323a223136336131663732626362383766663562613635356135373463333134376263223b733a33323a223738383536653230616232353265323032633438613031306238363561316363223b733a33323a226237373233396135633530353838323562663738326265613336323233373636223b733a33323a226137626434316536396636633261656338326235323032376335396237343031223b733a33323a223538623161303532616136323633386632643834383634383734306539386339223b733a33323a223161633633643832346136303730343438643930663030313836396135353562223b733a33323a223763393961613734333732323461366165356265643965346462643832306564223b733a33323a223632653536393062313032653866316564653432306665336138363337303635223b733a33323a223762376636623764643431376134363538356537353866353038306663346564223b733a33323a223664663338303565303937353236373263346434613039303639613766653038223b7d733a343a2268617368223b733a36353a2236646633383035653039373532363732633464346130393036396137666530382d3762376636623764643431376134363538356537353866353038306663346564223b7d733a343a22666c6167223b693a323b733a31333a226974657261746f72436c617373223b733a31333a2241727261794974657261746f72223b733a31393a2270726f74656374656450726f70657274696573223b613a343a7b693a303b733a373a2273746f72616765223b693a313b733a343a22666c6167223b693a323b733a31333a226974657261746f72436c617373223b693a333b733a31393a2270726f74656374656450726f70657274696573223b7d7d4c616d696e61735f56616c696461746f725f437372665f73616c745f7265736f7572636574656d706c617465666f726d5f637372667c4f3a32363a224c616d696e61735c5374646c69625c41727261794f626a656374223a343a7b733a373a2273746f72616765223b613a323a7b733a393a22746f6b656e4c697374223b613a343a7b733a33323a223963326633383331616663323363623933323831656339383932373132316161223b733a33323a223934323230656139636230643463663139643937343965303233356438386638223b733a33323a226364636166646235386161613637306666373735363263623539326663336661223b733a33323a223733656437613631373735616566356366373738616136353664626262356438223b733a33323a223433333331373537313865613433613136363133306333333165376365346637223b733a33323a223834656537323531333330663832626436323366363530383433363966336637223b733a33323a223338613037356434363531386435346534376665316633366566613831663239223b733a33323a223862366535623931643530326332363537626264343466373463613061653431223b7d733a343a2268617368223b733a36353a2238623665356239316435303263323635376262643434663734636130616534312d3338613037356434363531386435346534376665316633366566613831663239223b7d733a343a22666c6167223b693a323b733a31333a226974657261746f72436c617373223b733a31333a2241727261794974657261746f72223b733a31393a2270726f74656374656450726f70657274696573223b613a343a7b693a303b733a373a2273746f72616765223b693a313b733a343a22666c6167223b693a323b733a31333a226974657261746f72436c617373223b693a333b733a31393a2270726f74656374656450726f70657274696573223b7d7d, 1698701035),
('a6a827cf06a9c9beddf732c9b2629d76', 0x5f5f4c616d696e61737c613a393a7b733a32303a225f524551554553545f4143434553535f54494d45223b643a313639383639383836382e3039313336373b733a363a225f56414c4944223b613a313a7b733a32383a224c616d696e61735c53657373696f6e5c56616c696461746f725c4964223b733a33323a226135393235643031306137613230653330383231363133623831663634663032223b7d733a34323a224c616d696e61735f56616c696461746f725f437372665f73616c745f6c6f67696e666f726d5f63737266223b613a313a7b733a363a22455850495245223b693a313639383635363733313b7d733a33323a224c616d696e61735f56616c696461746f725f437372665f73616c745f63737266223b613a313a7b733a363a22455850495245223b693a313639383636353033323b7d733a34373a224c616d696e61735f56616c696461746f725f437372665f73616c745f766f636162756c617279666f726d5f63737266223b613a313a7b733a363a22455850495245223b693a313639383730313933303b7d733a35333a224c616d696e61735f56616c696461746f725f437372665f73616c745f7265736f7572636574656d706c617465666f726d5f63737266223b613a313a7b733a363a22455850495245223b693a313639383730323432373b7d733a35393a224c616d696e61735f56616c696461746f725f437372665f73616c745f7265736f7572636574656d706c617465696d706f7274666f726d5f63737266223b613a313a7b733a363a22455850495245223b693a313639383730313537313b7d733a34343a224c616d696e61735f56616c696461746f725f437372665f73616c745f636f6e6669726d666f726d5f63737266223b613a313a7b733a363a22455850495245223b693a313639383730323433303b7d733a35333a224c616d696e61735f56616c696461746f725f437372665f73616c745f766f636162756c617279757064617465666f726d5f63737266223b613a313a7b733a363a22455850495245223b693a313639383730313935303b7d7d72656469726563745f75726c7c733a33333a22687474703a2f2f3132372e302e302e313a383030302f6f6d656b612f61646d696e223b4c616d696e61735f56616c696461746f725f437372665f73616c745f6c6f67696e666f726d5f637372667c4f3a32363a224c616d696e61735c5374646c69625c41727261794f626a656374223a343a7b733a373a2273746f72616765223b613a323a7b733a393a22746f6b656e4c697374223b613a313a7b733a33323a223735333237326664306364666534323063336235663733396263323563333733223b733a33323a223666663830366334643836353134376339376664386361323136366532653830223b7d733a343a2268617368223b733a36353a2236666638303663346438363531343763393766643863613231363665326538302d3735333237326664306364666534323063336235663733396263323563333733223b7d733a343a22666c6167223b693a323b733a31333a226974657261746f72436c617373223b733a31333a2241727261794974657261746f72223b733a31393a2270726f74656374656450726f70657274696573223b613a343a7b693a303b733a373a2273746f72616765223b693a313b733a343a22666c6167223b693a323b733a31333a226974657261746f72436c617373223b693a333b733a31393a2270726f74656374656450726f70657274696573223b7d7d4c616d696e61735f417574687c4f3a32363a224c616d696e61735c5374646c69625c41727261794f626a656374223a343a7b733a373a2273746f72616765223b613a313a7b733a373a2273746f72616765223b693a313b7d733a343a22666c6167223b693a323b733a31333a226974657261746f72436c617373223b733a31333a2241727261794974657261746f72223b733a31393a2270726f74656374656450726f70657274696573223b613a343a7b693a303b733a373a2273746f72616765223b693a313b733a343a22666c6167223b693a323b733a31333a226974657261746f72436c617373223b693a333b733a31393a2270726f74656374656450726f70657274696573223b7d7d4f6d656b614d657373656e6765727c4f3a32363a224c616d696e61735c5374646c69625c41727261794f626a656374223a343a7b733a373a2273746f72616765223b613a303a7b7d733a343a22666c6167223b693a323b733a31333a226974657261746f72436c617373223b733a31333a2241727261794974657261746f72223b733a31393a2270726f74656374656450726f70657274696573223b613a343a7b693a303b733a373a2273746f72616765223b693a313b733a343a22666c6167223b693a323b733a31333a226974657261746f72436c617373223b693a333b733a31393a2270726f74656374656450726f70657274696573223b7d7d4c616d696e61735f56616c696461746f725f437372665f73616c745f637372667c4f3a32363a224c616d696e61735c5374646c69625c41727261794f626a656374223a343a7b733a373a2273746f72616765223b613a323a7b733a393a22746f6b656e4c697374223b613a313a7b733a33323a226231653864326136393133666531663464353237383765313361373437383964223b733a33323a223433626462343532393564313232643065346131656335353134653739613933223b7d733a343a2268617368223b733a36353a2234336264623435323935643132326430653461316563353531346537396139332d6231653864326136393133666531663464353237383765313361373437383964223b7d733a343a22666c6167223b693a323b733a31333a226974657261746f72436c617373223b733a31333a2241727261794974657261746f72223b733a31393a2270726f74656374656450726f70657274696573223b613a343a7b693a303b733a373a2273746f72616765223b693a313b733a343a22666c6167223b693a323b733a31333a226974657261746f72436c617373223b693a333b733a31393a2270726f74656374656450726f70657274696573223b7d7d4c616d696e61735f56616c696461746f725f437372665f73616c745f766f636162756c617279666f726d5f637372667c4f3a32363a224c616d696e61735c5374646c69625c41727261794f626a656374223a343a7b733a373a2273746f72616765223b613a323a7b733a393a22746f6b656e4c697374223b613a333a7b733a33323a223733356436653661626165363031626132366362306263323262653365623335223b733a33323a223662356138646533643131643963323966373632643961643132353337666439223b733a33323a223433396533363732323437376432353632343739373462353163323037353236223b733a33323a226262643439653230306236653635343138386364376466663330363465376633223b733a33323a223538636162383663636134643838663535633231303232396439633634343136223b733a33323a223032366438663732383737613232303533393834373837626435383962623565223b7d733a343a2268617368223b733a36353a2230323664386637323837376132323035333938343738376264353839626235652d3538636162383663636134643838663535633231303232396439633634343136223b7d733a343a22666c6167223b693a323b733a31333a226974657261746f72436c617373223b733a31333a2241727261794974657261746f72223b733a31393a2270726f74656374656450726f70657274696573223b613a343a7b693a303b733a373a2273746f72616765223b693a313b733a343a22666c6167223b693a323b733a31333a226974657261746f72436c617373223b693a333b733a31393a2270726f74656374656450726f70657274696573223b7d7d4c616d696e61735f56616c696461746f725f437372665f73616c745f7265736f7572636574656d706c617465666f726d5f637372667c4f3a32363a224c616d696e61735c5374646c69625c41727261794f626a656374223a343a7b733a373a2273746f72616765223b613a323a7b733a393a22746f6b656e4c697374223b613a383a7b733a33323a226439383161346134643837656234653633383865656539376364383232393537223b733a33323a223731613337356433653331373165616238353132333638393234633131643064223b733a33323a223632633034313465643261353432313238303839343231336536363432383137223b733a33323a223962353839356661356332333965353962373837303535613537613966336364223b733a33323a223539666361643766613532376563323733313035316431393833393931626231223b733a33323a223364633335303438656234613365306535653135613230333338616665306237223b733a33323a223832613438613765663661366134393535393562666137656566666636633063223b733a33323a223939343661313338393462353331616565383466656364383463633034366336223b733a33323a223938643830313438636164653262653431366666313739313534363633396530223b733a33323a226532633836613530376439663364626331653538383632623165383166663836223b733a33323a223032316335643061366166623862623266643766663330363163363663663834223b733a33323a223362646663323034343230326234643564373364653962386637626633633633223b733a33323a226265663261366131656436633235356464613865353432633039396231313464223b733a33323a223533333939623263303633393735393732626137616236323430373932653931223b733a33323a223139343438336366656530363763306635643030383930613561383561303139223b733a33323a223232336435613833643765343464316466613034653437386266386530633637223b7d733a343a2268617368223b733a36353a2232323364356138336437653434643164666130346534373862663865306336372d3139343438336366656530363763306635643030383930613561383561303139223b7d733a343a22666c6167223b693a323b733a31333a226974657261746f72436c617373223b733a31333a2241727261794974657261746f72223b733a31393a2270726f74656374656450726f70657274696573223b613a343a7b693a303b733a373a2273746f72616765223b693a313b733a343a22666c6167223b693a323b733a31333a226974657261746f72436c617373223b693a333b733a31393a2270726f74656374656450726f70657274696573223b7d7d4c616d696e61735f56616c696461746f725f437372665f73616c745f7265736f7572636574656d706c617465696d706f7274666f726d5f637372667c4f3a32363a224c616d696e61735c5374646c69625c41727261794f626a656374223a343a7b733a373a2273746f72616765223b613a323a7b733a393a22746f6b656e4c697374223b613a313a7b733a33323a226264333339306338313566323633646531636538656638303430363362636335223b733a33323a226664323831643139356662623630303962663766383833356563323562613062223b7d733a343a2268617368223b733a36353a2266643238316431393566626236303039626637663838333565633235626130622d6264333339306338313566323633646531636538656638303430363362636335223b7d733a343a22666c6167223b693a323b733a31333a226974657261746f72436c617373223b733a31333a2241727261794974657261746f72223b733a31393a2270726f74656374656450726f70657274696573223b613a343a7b693a303b733a373a2273746f72616765223b693a313b733a343a22666c6167223b693a323b733a31333a226974657261746f72436c617373223b693a333b733a31393a2270726f74656374656450726f70657274696573223b7d7d4c616d696e61735f56616c696461746f725f437372665f73616c745f636f6e6669726d666f726d5f637372667c4f3a32363a224c616d696e61735c5374646c69625c41727261794f626a656374223a343a7b733a373a2273746f72616765223b613a323a7b733a393a22746f6b656e4c697374223b613a343a7b733a33323a226635376638343330646462643363633466373036613363623735363735323431223b733a33323a223934633831666331653130613736356639393532326232306538373633626436223b733a33323a223338333036633430343638653362353163353932616163366262396338656239223b733a33323a223765373931393265386636646366656335623965363165623563643234356364223b733a33323a223063646532306366663563356363316666393232386333353939303132323637223b733a33323a226638333866303862303564653836616531326365633264643734666536396262223b733a33323a223965356230393462386330303561316661613533666638383438623164356663223b733a33323a226463343962666634393166336431376234653631363733326337623662633162223b7d733a343a2268617368223b733a36353a2264633439626666343931663364313762346536313637333263376236626331622d3965356230393462386330303561316661613533666638383438623164356663223b7d733a343a22666c6167223b693a323b733a31333a226974657261746f72436c617373223b733a31333a2241727261794974657261746f72223b733a31393a2270726f74656374656450726f70657274696573223b613a343a7b693a303b733a373a2273746f72616765223b693a313b733a343a22666c6167223b693a323b733a31333a226974657261746f72436c617373223b693a333b733a31393a2270726f74656374656450726f70657274696573223b7d7d4c616d696e61735f56616c696461746f725f437372665f73616c745f766f636162756c617279757064617465666f726d5f637372667c4f3a32363a224c616d696e61735c5374646c69625c41727261794f626a656374223a343a7b733a373a2273746f72616765223b613a323a7b733a393a22746f6b656e4c697374223b613a323a7b733a33323a223831663431326533343431356432353637613761316339333764396434376563223b733a33323a223034343634616136346534343534613032353439363436333733396564323166223b733a33323a223539303439626137383131663939346331303134633631366337666233343439223b733a33323a223366346139653462613963373037623830636163636632316637303439386235223b7d733a343a2268617368223b733a36353a2233663461396534626139633730376238306361636366323166373034393862352d3539303439626137383131663939346331303134633631366337666233343439223b7d733a343a22666c6167223b693a323b733a31333a226974657261746f72436c617373223b733a31333a2241727261794974657261746f72223b733a31393a2270726f74656374656450726f70657274696573223b613a343a7b693a303b733a373a2273746f72616765223b693a313b733a343a22666c6167223b693a323b733a31333a226974657261746f72436c617373223b693a333b733a31393a2270726f74656374656450726f70657274696573223b7d7d, 1698698869),
('c96950bdd497d16c91263984f5018802', 0x5f5f4c616d696e61737c613a333a7b733a32303a225f524551554553545f4143434553535f54494d45223b643a313639383235303233382e3534343130373b733a363a225f56414c4944223b613a313a7b733a32383a224c616d696e61735c53657373696f6e5c56616c696461746f725c4964223b733a33323a226339363935306264643439376431366339313236333938346635303138383032223b7d733a34323a224c616d696e61735f56616c696461746f725f437372665f73616c745f6c6f67696e666f726d5f63737266223b613a313a7b733a363a22455850495245223b693a313639383235333833393b7d7d72656469726563745f75726c7c733a33333a22687474703a2f2f3132372e302e302e313a383030302f6f6d656b612f61646d696e223b4c616d696e61735f56616c696461746f725f437372665f73616c745f6c6f67696e666f726d5f637372667c4f3a32363a224c616d696e61735c5374646c69625c41727261794f626a656374223a343a7b733a373a2273746f72616765223b613a323a7b733a393a22746f6b656e4c697374223b613a313a7b733a33323a223332383537336136316534633535643231353564613533663339326265326332223b733a33323a223338633562396266313065613032333263666635323139646336653366326532223b7d733a343a2268617368223b733a36353a2233386335623962663130656130323332636666353231396463366533663265322d3332383537336136316534633535643231353564613533663339326265326332223b7d733a343a22666c6167223b693a323b733a31333a226974657261746f72436c617373223b733a31333a2241727261794974657261746f72223b733a31393a2270726f74656374656450726f70657274696573223b613a343a7b693a303b733a373a2273746f72616765223b693a313b733a343a22666c6167223b693a323b733a31333a226974657261746f72436c617373223b693a333b733a31393a2270726f74656374656450726f70657274696573223b7d7d, 1698250240),
('f242ee210a1228fdd78bc7e09b917b64', 0x5f5f4c616d696e61737c613a373a7b733a32303a225f524551554553545f4143434553535f54494d45223b643a313639383136363635322e3536393638343b733a363a225f56414c4944223b613a313a7b733a32383a224c616d696e61735c53657373696f6e5c56616c696461746f725c4964223b733a33323a223838646637346538323065626463326438656465653738326534313531646236223b7d733a34323a224c616d696e61735f56616c696461746f725f437372665f73616c745f6c6f67696e666f726d5f63737266223b613a313a7b733a363a22455850495245223b693a313639383136383633383b7d733a35313a224c616d696e61735f56616c696461746f725f437372665f73616c745f666f72676f7470617373776f7264666f726d5f63737266223b613a313a7b733a363a22455850495245223b693a313639383136383338303b7d733a34353a224c616d696e61735f56616c696461746f725f437372665f73616c745f6163746976617465666f726d5f63737266223b613a313a7b733a363a22455850495245223b693a313639383136383630313b7d733a33323a224c616d696e61735f56616c696461746f725f437372665f73616c745f63737266223b613a313a7b733a363a22455850495245223b693a313639383137303030353b7d733a34343a224c616d696e61735f56616c696461746f725f437372665f73616c745f636f6e6669726d666f726d5f63737266223b613a313a7b733a363a22455850495245223b693a313639383136393731303b7d7d72656469726563745f75726c7c733a33333a22687474703a2f2f3132372e302e302e313a383030302f6f6d656b612f61646d696e223b4c616d696e61735f56616c696461746f725f437372665f73616c745f6c6f67696e666f726d5f637372667c4f3a32363a224c616d696e61735c5374646c69625c41727261794f626a656374223a343a7b733a373a2273746f72616765223b613a323a7b733a393a22746f6b656e4c697374223b613a31323a7b733a33323a226130316638633230356630653732633035343834373861343636356135316135223b733a33323a223732636436656636353565363765316334633631376539666632656664323732223b733a33323a226539306635616561616164353163396537616532663365386539613265643830223b733a33323a223134656465373466383732313564313562396135373366363034613264393662223b733a33323a223037633666363936646131656534323339383535386532663433653739343766223b733a33323a223130336463646631326432393232303430626663653631393631326139613766223b733a33323a223935623930313238396231363462643232353939346334646564623437343235223b733a33323a223131333139386333613333643932346163336239366130646462653562633332223b733a33323a226163356233613237323530353963363266383263363364623332323836356636223b733a33323a223362633536363663623663313839376365643630333338623063613933623139223b733a33323a223464303566383334356664656466623139303337303130363034393938623865223b733a33323a223935623939336130343930633839336231646538343862393633356338623363223b733a33323a226239653361393164646635356365646130623665356435646261333463633338223b733a33323a223335326633393139306633343431336535336336363239386539323134356562223b733a33323a223332613837333663646664303037313565333038313765303962313633656231223b733a33323a226535393030313435376464366661393234653261323434346561643430356166223b733a33323a226630323933306462353462643238303438643263366530393732356537333037223b733a33323a226530386434646639653462616333383966336262343163386463356637663232223b733a33323a223330346534313739393866353436623435636536633432623038613266393762223b733a33323a223533326565373535313664343439376437343336653330653933316363393331223b733a33323a226438626233666365393435623366333834353761303933346130373139323930223b733a33323a223663383564303036653063343136306365346135663430363766653961643238223b733a33323a223137333532613437353634376566363732343362373335656262623932353938223b733a33323a223166306666333030346665363837373136303062333361616634383365313462223b7d733a343a2268617368223b733a36353a2231663066663330303466653638373731363030623333616166343833653134622d3137333532613437353634376566363732343362373335656262623932353938223b7d733a343a22666c6167223b693a323b733a31333a226974657261746f72436c617373223b733a31333a2241727261794974657261746f72223b733a31393a2270726f74656374656450726f70657274696573223b613a343a7b693a303b733a373a2273746f72616765223b693a313b733a343a22666c6167223b693a323b733a31333a226974657261746f72436c617373223b693a333b733a31393a2270726f74656374656450726f70657274696573223b7d7d4f6d656b614d657373656e6765727c4f3a32363a224c616d696e61735c5374646c69625c41727261794f626a656374223a343a7b733a373a2273746f72616765223b613a303a7b7d733a343a22666c6167223b693a323b733a31333a226974657261746f72436c617373223b733a31333a2241727261794974657261746f72223b733a31393a2270726f74656374656450726f70657274696573223b613a343a7b693a303b733a373a2273746f72616765223b693a313b733a343a22666c6167223b693a323b733a31333a226974657261746f72436c617373223b693a333b733a31393a2270726f74656374656450726f70657274696573223b7d7d4c616d696e61735f56616c696461746f725f437372665f73616c745f666f72676f7470617373776f7264666f726d5f637372667c4f3a32363a224c616d696e61735c5374646c69625c41727261794f626a656374223a343a7b733a373a2273746f72616765223b613a323a7b733a393a22746f6b656e4c697374223b613a373a7b733a33323a223635626466616531336464313363643331613038636632616135373265626134223b733a33323a226632346435626434373030323935333066313638343262376563653332633537223b733a33323a223665336566353933306237343238396364633966323339633531656135653164223b733a33323a223064663731313638326162346135323234353830633635613839316131363562223b733a33323a223334663433343331313534653465323133613637613032316132353532653563223b733a33323a223630656232613837613561643036663865396662363135323438336565323534223b733a33323a223333306430643663376264356562333134333438623536303238323933396439223b733a33323a223535303264626639653063376137343866393064383465656165653764313836223b733a33323a226439346566646436383431323631373131616233643662643036303434306561223b733a33323a226461326537326331633463376531643965343731383131323263343338353831223b733a33323a223065636630613633643761393035306137323235343637343765366231626639223b733a33323a226531336232613565343330643136376462666235366434316533353031303065223b733a33323a223031336462386662643831613530346461393566366431363831323161393862223b733a33323a226363373662643061356532646232663661633834363661323562313138336163223b7d733a343a2268617368223b733a36353a2263633736626430613565326462326636616338343636613235623131383361632d3031336462386662643831613530346461393566366431363831323161393862223b7d733a343a22666c6167223b693a323b733a31333a226974657261746f72436c617373223b733a31333a2241727261794974657261746f72223b733a31393a2270726f74656374656450726f70657274696573223b613a343a7b693a303b733a373a2273746f72616765223b693a313b733a343a22666c6167223b693a323b733a31333a226974657261746f72436c617373223b693a333b733a31393a2270726f74656374656450726f70657274696573223b7d7d4c616d696e61735f56616c696461746f725f437372665f73616c745f6163746976617465666f726d5f637372667c4f3a32363a224c616d696e61735c5374646c69625c41727261794f626a656374223a343a7b733a373a2273746f72616765223b613a323a7b733a393a22746f6b656e4c697374223b613a323a7b733a33323a223738333036616130303365313665356432386465323034666430613534633334223b733a33323a223934653233666530366331613239336565616163346262363332343930656464223b733a33323a223737383662356663383762633463623530366664633635343734333361643434223b733a33323a223038613537383437636163396565643838316136363132613263363632353266223b7d733a343a2268617368223b733a36353a2230386135373834376361633965656438383161363631326132633636323532662d3737383662356663383762633463623530366664633635343734333361643434223b7d733a343a22666c6167223b693a323b733a31333a226974657261746f72436c617373223b733a31333a2241727261794974657261746f72223b733a31393a2270726f74656374656450726f70657274696573223b613a343a7b693a303b733a373a2273746f72616765223b693a313b733a343a22666c6167223b693a323b733a31333a226974657261746f72436c617373223b693a333b733a31393a2270726f74656374656450726f70657274696573223b7d7d4c616d696e61735f417574687c4f3a32363a224c616d696e61735c5374646c69625c41727261794f626a656374223a343a7b733a373a2273746f72616765223b613a313a7b733a373a2273746f72616765223b693a313b7d733a343a22666c6167223b693a323b733a31333a226974657261746f72436c617373223b733a31333a2241727261794974657261746f72223b733a31393a2270726f74656374656450726f70657274696573223b613a343a7b693a303b733a373a2273746f72616765223b693a313b733a343a22666c6167223b693a323b733a31333a226974657261746f72436c617373223b693a333b733a31393a2270726f74656374656450726f70657274696573223b7d7d4c616d696e61735f56616c696461746f725f437372665f73616c745f637372667c4f3a32363a224c616d696e61735c5374646c69625c41727261794f626a656374223a343a7b733a373a2273746f72616765223b613a323a7b733a393a22746f6b656e4c697374223b613a343a7b733a33323a223331386437373661323931303130343833323861613537393735396135613431223b733a33323a223765613037333561313336636339316533613762623232656537393533356136223b733a33323a223131323963323138383838366235663733613037303733316338376165396339223b733a33323a226262666634623931643433616363656165613133396262623636663639303330223b733a33323a223732303865363534303032626235646266313766623133616132373531663734223b733a33323a226539336361386663383266666665366538626266616564356330623931653831223b733a33323a223837653237316238646534383135303437613639393631666638363161643430223b733a33323a226539666432656539353536646561333532356163383736316361363035313832223b7d733a343a2268617368223b733a36353a2265396664326565393535366465613335323561633837363163613630353138322d3837653237316238646534383135303437613639393631666638363161643430223b7d733a343a22666c6167223b693a323b733a31333a226974657261746f72436c617373223b733a31333a2241727261794974657261746f72223b733a31393a2270726f74656374656450726f70657274696573223b613a343a7b693a303b733a373a2273746f72616765223b693a313b733a343a22666c6167223b693a323b733a31333a226974657261746f72436c617373223b693a333b733a31393a2270726f74656374656450726f70657274696573223b7d7d4c616d696e61735f56616c696461746f725f437372665f73616c745f636f6e6669726d666f726d5f637372667c4f3a32363a224c616d696e61735c5374646c69625c41727261794f626a656374223a343a7b733a373a2273746f72616765223b613a323a7b733a393a22746f6b656e4c697374223b613a353a7b733a33323a223133303535336433666130326433663963306461663163643262373235316235223b733a33323a223063393066646262376135366439343038343236306632346263363334623261223b733a33323a223035663237616532636538633439313936376234373237356339363437653737223b733a33323a223538356563363736356562343330353433323534386464383930323339656132223b733a33323a226336323439383463646262376664393036653333383439383939663036623465223b733a33323a226663663738663564373333653435373139663037623330666537646331376661223b733a33323a223034653830313562316461633865373966636135383433663137613631383863223b733a33323a223935386538656239346562376266313265356566343132383231386131393062223b733a33323a223838326465623961663665356630343466623763343032636533366466336564223b733a33323a223065623436376332633736303261366463656630313535336636663039306237223b7d733a343a2268617368223b733a36353a2230656234363763326337363032613664636566303135353366366630393062372d3838326465623961663665356630343466623763343032636533366466336564223b7d733a343a22666c6167223b693a323b733a31333a226974657261746f72436c617373223b733a31333a2241727261794974657261746f72223b733a31393a2270726f74656374656450726f70657274696573223b613a343a7b693a303b733a373a2273746f72616765223b693a313b733a343a22666c6167223b693a323b733a31333a226974657261746f72436c617373223b693a333b733a31393a2270726f74656374656450726f70657274696573223b7d7d, 1698166653);

-- --------------------------------------------------------

--
-- Structure de la table `setting`
--

CREATE TABLE `setting` (
  `id` varchar(190) CHARACTER SET utf8mb4 COLLATE utf8mb4_unicode_ci NOT NULL,
  `value` longtext CHARACTER SET utf8mb4 COLLATE utf8mb4_unicode_ci NOT NULL COMMENT '(DC2Type:json_array)'
) ENGINE=InnoDB DEFAULT CHARSET=utf8mb4 COLLATE=utf8mb4_unicode_ci;

--
-- Déchargement des données de la table `setting`
--

INSERT INTO `setting` (`id`, `value`) VALUES
('administrator_email', '\"lorenzosammatrice@gmail.com\"'),
('extension_whitelist', '[\"aac\",\"aif\",\"aiff\",\"asf\",\"asx\",\"avi\",\"bmp\",\"c\",\"cc\",\"class\",\"css\",\"divx\",\"doc\",\"docx\",\"exe\",\"gif\",\"gz\",\"gzip\",\"h\",\"ico\",\"j2k\",\"jp2\",\"jpe\",\"jpeg\",\"jpg\",\"m4a\",\"m4v\",\"mdb\",\"mid\",\"midi\",\"mov\",\"mp2\",\"mp3\",\"mp4\",\"mpa\",\"mpe\",\"mpeg\",\"mpg\",\"mpp\",\"odb\",\"odc\",\"odf\",\"odg\",\"odp\",\"ods\",\"odt\",\"ogg\",\"opus\",\"pdf\",\"png\",\"pot\",\"pps\",\"ppt\",\"pptx\",\"qt\",\"ra\",\"ram\",\"rtf\",\"rtx\",\"swf\",\"tar\",\"tif\",\"tiff\",\"txt\",\"wav\",\"wax\",\"webm\",\"wma\",\"wmv\",\"wmx\",\"wri\",\"xla\",\"xls\",\"xlsx\",\"xlt\",\"xlw\",\"zip\"]'),
('installation_title', '\"THYP\"'),
('locale', '\"\"'),
('media_type_whitelist', '[\"application\\/msword\",\"application\\/ogg\",\"application\\/pdf\",\"application\\/rtf\",\"application\\/vnd.ms-access\",\"application\\/vnd.ms-excel\",\"application\\/vnd.ms-powerpoint\",\"application\\/vnd.ms-project\",\"application\\/vnd.ms-write\",\"application\\/vnd.oasis.opendocument.chart\",\"application\\/vnd.oasis.opendocument.database\",\"application\\/vnd.oasis.opendocument.formula\",\"application\\/vnd.oasis.opendocument.graphics\",\"application\\/vnd.oasis.opendocument.presentation\",\"application\\/vnd.oasis.opendocument.spreadsheet\",\"application\\/vnd.oasis.opendocument.text\",\"application\\/vnd.openxmlformats-officedocument.wordprocessingml.document\",\"application\\/vnd.openxmlformats-officedocument.presentationml.presentation\",\"application\\/vnd.openxmlformats-officedocument.spreadsheetml.sheet\",\"application\\/x-gzip\",\"application\\/x-ms-wmp\",\"application\\/x-msdownload\",\"application\\/x-shockwave-flash\",\"application\\/x-tar\",\"application\\/zip\",\"audio\\/midi\",\"audio\\/mp4\",\"audio\\/mpeg\",\"audio\\/ogg\",\"audio\\/x-aac\",\"audio\\/x-aiff\",\"audio\\/x-ms-wma\",\"audio\\/x-ms-wax\",\"audio\\/x-realaudio\",\"audio\\/x-wav\",\"image\\/bmp\",\"image\\/gif\",\"image\\/jp2\",\"image\\/jpeg\",\"image\\/pjpeg\",\"image\\/png\",\"image\\/tiff\",\"image\\/x-icon\",\"text\\/css\",\"text\\/plain\",\"text\\/richtext\",\"video\\/divx\",\"video\\/mp4\",\"video\\/mpeg\",\"video\\/ogg\",\"video\\/quicktime\",\"video\\/webm\",\"video\\/x-ms-asf,\",\"video\\/x-msvideo\",\"video\\/x-ms-wmv\"]'),
('pagination_per_page', '25'),
('time_zone', '\"UTC\"'),
('use_htmlpurifier', '\"1\"'),
('version', '\"4.0.4\"'),
('version_notifications', '\"1\"');

-- --------------------------------------------------------

--
-- Structure de la table `site`
--

CREATE TABLE `site` (
  `id` int NOT NULL,
  `thumbnail_id` int DEFAULT NULL,
  `homepage_id` int DEFAULT NULL,
  `owner_id` int DEFAULT NULL,
  `slug` varchar(190) CHARACTER SET utf8mb4 COLLATE utf8mb4_unicode_ci NOT NULL,
  `theme` varchar(190) CHARACTER SET utf8mb4 COLLATE utf8mb4_unicode_ci NOT NULL,
  `title` varchar(190) CHARACTER SET utf8mb4 COLLATE utf8mb4_unicode_ci NOT NULL,
  `summary` longtext CHARACTER SET utf8mb4 COLLATE utf8mb4_unicode_ci,
  `navigation` longtext CHARACTER SET utf8mb4 COLLATE utf8mb4_unicode_ci NOT NULL COMMENT '(DC2Type:json_array)',
  `item_pool` longtext CHARACTER SET utf8mb4 COLLATE utf8mb4_unicode_ci NOT NULL COMMENT '(DC2Type:json_array)',
  `created` datetime NOT NULL,
  `modified` datetime DEFAULT NULL,
  `is_public` tinyint(1) NOT NULL,
  `assign_new_items` tinyint(1) NOT NULL DEFAULT '0'
) ENGINE=InnoDB DEFAULT CHARSET=utf8mb4 COLLATE=utf8mb4_unicode_ci;

-- --------------------------------------------------------

--
-- Structure de la table `site_block_attachment`
--

CREATE TABLE `site_block_attachment` (
  `id` int NOT NULL,
  `block_id` int NOT NULL,
  `item_id` int DEFAULT NULL,
  `media_id` int DEFAULT NULL,
  `caption` longtext CHARACTER SET utf8mb4 COLLATE utf8mb4_unicode_ci NOT NULL,
  `position` int NOT NULL
) ENGINE=InnoDB DEFAULT CHARSET=utf8mb4 COLLATE=utf8mb4_unicode_ci;

-- --------------------------------------------------------

--
-- Structure de la table `site_item_set`
--

CREATE TABLE `site_item_set` (
  `id` int NOT NULL,
  `site_id` int NOT NULL,
  `item_set_id` int NOT NULL,
  `position` int DEFAULT NULL
) ENGINE=InnoDB DEFAULT CHARSET=utf8mb4 COLLATE=utf8mb4_unicode_ci;

-- --------------------------------------------------------

--
-- Structure de la table `site_page`
--

CREATE TABLE `site_page` (
  `id` int NOT NULL,
  `site_id` int NOT NULL,
  `slug` varchar(190) CHARACTER SET utf8mb4 COLLATE utf8mb4_unicode_ci NOT NULL,
  `title` varchar(190) CHARACTER SET utf8mb4 COLLATE utf8mb4_unicode_ci NOT NULL,
  `is_public` tinyint(1) NOT NULL,
  `created` datetime NOT NULL,
  `modified` datetime DEFAULT NULL
) ENGINE=InnoDB DEFAULT CHARSET=utf8mb4 COLLATE=utf8mb4_unicode_ci;

-- --------------------------------------------------------

--
-- Structure de la table `site_page_block`
--

CREATE TABLE `site_page_block` (
  `id` int NOT NULL,
  `page_id` int NOT NULL,
  `layout` varchar(80) CHARACTER SET utf8mb4 COLLATE utf8mb4_unicode_ci NOT NULL,
  `data` longtext CHARACTER SET utf8mb4 COLLATE utf8mb4_unicode_ci NOT NULL COMMENT '(DC2Type:json_array)',
  `position` int NOT NULL
) ENGINE=InnoDB DEFAULT CHARSET=utf8mb4 COLLATE=utf8mb4_unicode_ci;

-- --------------------------------------------------------

--
-- Structure de la table `site_permission`
--

CREATE TABLE `site_permission` (
  `id` int NOT NULL,
  `site_id` int NOT NULL,
  `user_id` int NOT NULL,
  `role` varchar(80) CHARACTER SET utf8mb4 COLLATE utf8mb4_unicode_ci NOT NULL
) ENGINE=InnoDB DEFAULT CHARSET=utf8mb4 COLLATE=utf8mb4_unicode_ci;

-- --------------------------------------------------------

--
-- Structure de la table `site_setting`
--

CREATE TABLE `site_setting` (
  `id` varchar(190) CHARACTER SET utf8mb4 COLLATE utf8mb4_unicode_ci NOT NULL,
  `site_id` int NOT NULL,
  `value` longtext CHARACTER SET utf8mb4 COLLATE utf8mb4_unicode_ci NOT NULL COMMENT '(DC2Type:json_array)'
) ENGINE=InnoDB DEFAULT CHARSET=utf8mb4 COLLATE=utf8mb4_unicode_ci;

-- --------------------------------------------------------

--
-- Structure de la table `user`
--

CREATE TABLE `user` (
  `id` int NOT NULL,
  `email` varchar(190) CHARACTER SET utf8mb4 COLLATE utf8mb4_unicode_ci NOT NULL,
  `name` varchar(190) CHARACTER SET utf8mb4 COLLATE utf8mb4_unicode_ci NOT NULL,
  `created` datetime NOT NULL,
  `modified` datetime DEFAULT NULL,
  `password_hash` varchar(60) CHARACTER SET utf8mb4 COLLATE utf8mb4_unicode_ci DEFAULT NULL,
  `role` varchar(190) CHARACTER SET utf8mb4 COLLATE utf8mb4_unicode_ci NOT NULL,
  `is_active` tinyint(1) NOT NULL
) ENGINE=InnoDB DEFAULT CHARSET=utf8mb4 COLLATE=utf8mb4_unicode_ci;

--
-- Déchargement des données de la table `user`
--

INSERT INTO `user` (`id`, `email`, `name`, `created`, `modified`, `password_hash`, `role`, `is_active`) VALUES
(1, 'lorenzosammatrice@gmail.com', 'Lorenzo Sammatrice', '2023-10-19 17:13:07', '2023-10-24 16:30:32', '$2y$10$svYzCBpMVogmrW7NpFg2yO.OTWK9z1ikp5ZIFszNZjJgIM4ear0Cq', 'global_admin', 1);

-- --------------------------------------------------------

--
-- Structure de la table `user_setting`
--

CREATE TABLE `user_setting` (
  `id` varchar(190) CHARACTER SET utf8mb4 COLLATE utf8mb4_unicode_ci NOT NULL,
  `user_id` int NOT NULL,
  `value` longtext CHARACTER SET utf8mb4 COLLATE utf8mb4_unicode_ci NOT NULL COMMENT '(DC2Type:json_array)'
) ENGINE=InnoDB DEFAULT CHARSET=utf8mb4 COLLATE=utf8mb4_unicode_ci;

-- --------------------------------------------------------

--
-- Structure de la table `value`
--

CREATE TABLE `value` (
  `id` int NOT NULL,
  `resource_id` int NOT NULL,
  `property_id` int NOT NULL,
  `value_resource_id` int DEFAULT NULL,
  `value_annotation_id` int DEFAULT NULL,
  `type` varchar(255) CHARACTER SET utf8mb4 COLLATE utf8mb4_unicode_ci NOT NULL,
  `lang` varchar(255) CHARACTER SET utf8mb4 COLLATE utf8mb4_unicode_ci DEFAULT NULL,
  `value` longtext CHARACTER SET utf8mb4 COLLATE utf8mb4_unicode_ci,
  `uri` longtext CHARACTER SET utf8mb4 COLLATE utf8mb4_unicode_ci,
  `is_public` tinyint(1) NOT NULL
) ENGINE=InnoDB DEFAULT CHARSET=utf8mb4 COLLATE=utf8mb4_unicode_ci;

--
-- Déchargement des données de la table `value`
--

INSERT INTO `value` (`id`, `resource_id`, `property_id`, `value_resource_id`, `value_annotation_id`, `type`, `lang`, `value`, `uri`, `is_public`) VALUES
(11, 5, 1, NULL, NULL, 'literal', '', 'Test', NULL, 1),
(12, 5, 4, NULL, NULL, 'literal', '', 'fgeg', NULL, 1),
(13, 5, 2, NULL, NULL, 'literal', '', 'sdeede', NULL, 1),
(21, 7, 1, NULL, NULL, 'literal', '', 'usertest', NULL, 1),
(22, 7, 185, NULL, NULL, 'literal', '', 'usertest', NULL, 1),
(23, 8, 1, NULL, NULL, 'literal', '', 'Lorenzo', NULL, 1),
(24, 8, 185, NULL, NULL, 'literal', '', 'lorenzo', NULL, 1),
(25, 9, 1, NULL, NULL, 'literal', '', 'Uncharted', NULL, 1),
(26, 10, 1, NULL, NULL, 'literal', '', 'Fast and Fourious 8', NULL, 1),
(27, 7, 190, NULL, NULL, 'literal', '', 'usertest@example.com', NULL, 1),
(28, 8, 190, NULL, NULL, 'literal', '', 'lorenzo@example.com', NULL, 1),
(29, 11, 1, NULL, NULL, 'literal', '', 'Note Lorenzo', NULL, 1),
(30, 11, 188, NULL, NULL, 'literal', '', '8', NULL, 1),
(31, 11, 187, 9, NULL, 'resource', NULL, NULL, NULL, 1),
(32, 11, 186, 8, NULL, 'resource', NULL, NULL, NULL, 1),
(33, 12, 1, NULL, NULL, 'literal', '', 'Note User Test', NULL, 1),
(34, 12, 188, NULL, NULL, 'literal', '', '7', NULL, 1),
(35, 12, 187, 10, NULL, 'resource', NULL, NULL, NULL, 1),
(36, 12, 186, 7, NULL, 'resource', NULL, NULL, NULL, 1),
(37, 13, 1, NULL, NULL, 'literal', '', 'Movie recommended for Lorenzo', NULL, 1),
(38, 13, 187, 10, NULL, 'resource', NULL, NULL, NULL, 1),
(39, 13, 186, 8, NULL, 'resource', NULL, NULL, NULL, 1),
(40, 14, 1, NULL, NULL, 'literal', '', 'Movie recommended for User Test', NULL, 1),
(41, 14, 187, 9, NULL, 'resource', NULL, NULL, NULL, 1),
(42, 14, 186, 7, NULL, 'resource', NULL, NULL, NULL, 1),
(43, 15, 1, NULL, NULL, 'literal', '', 'Spiderman 3', NULL, 1),
(44, 16, 1, NULL, NULL, 'literal', '', 'Note Lorenzo Spiderman', NULL, 1),
(45, 16, 188, NULL, NULL, 'literal', '', '8', NULL, 1),
(46, 16, 187, 15, NULL, 'resource', NULL, NULL, NULL, 1),
(47, 16, 186, 8, NULL, 'resource', NULL, NULL, NULL, 1);

-- --------------------------------------------------------

--
-- Structure de la table `value_annotation`
--

CREATE TABLE `value_annotation` (
  `id` int NOT NULL
) ENGINE=InnoDB DEFAULT CHARSET=utf8mb4 COLLATE=utf8mb4_unicode_ci;

-- --------------------------------------------------------

--
-- Structure de la table `vocabulary`
--

CREATE TABLE `vocabulary` (
  `id` int NOT NULL,
  `owner_id` int DEFAULT NULL,
  `namespace_uri` varchar(190) CHARACTER SET utf8mb4 COLLATE utf8mb4_unicode_ci NOT NULL,
  `prefix` varchar(190) CHARACTER SET utf8mb4 COLLATE utf8mb4_unicode_ci NOT NULL,
  `label` varchar(255) CHARACTER SET utf8mb4 COLLATE utf8mb4_unicode_ci NOT NULL,
  `comment` longtext CHARACTER SET utf8mb4 COLLATE utf8mb4_unicode_ci
) ENGINE=InnoDB DEFAULT CHARSET=utf8mb4 COLLATE=utf8mb4_unicode_ci;

--
-- Déchargement des données de la table `vocabulary`
--

INSERT INTO `vocabulary` (`id`, `owner_id`, `namespace_uri`, `prefix`, `label`, `comment`) VALUES
(1, NULL, 'http://purl.org/dc/terms/', 'dcterms', 'Dublin Core', 'Basic resource metadata (DCMI Metadata Terms)'),
(2, NULL, 'http://purl.org/dc/dcmitype/', 'dctype', 'Dublin Core Type', 'Basic resource types (DCMI Type Vocabulary)'),
(3, NULL, 'http://purl.org/ontology/bibo/', 'bibo', 'Bibliographic Ontology', 'Bibliographic metadata (BIBO)'),
(4, NULL, 'http://xmlns.com/foaf/0.1/', 'foaf', 'Friend of a Friend', 'Relationships between people and organizations (FOAF)'),
(5, 1, 'https://movie-recommandation/onto/mr#', 'mr', 'MovieRecommandation', '');

--
-- Index pour les tables déchargées
--

--
-- Index pour la table `api_key`
--
ALTER TABLE `api_key`
  ADD PRIMARY KEY (`id`),
  ADD KEY `IDX_C912ED9D7E3C61F9` (`owner_id`);

--
-- Index pour la table `asset`
--
ALTER TABLE `asset`
  ADD PRIMARY KEY (`id`),
  ADD UNIQUE KEY `UNIQ_2AF5A5C5CC5DB90` (`storage_id`),
  ADD KEY `IDX_2AF5A5C7E3C61F9` (`owner_id`);

--
-- Index pour la table `custom_vocab`
--
ALTER TABLE `custom_vocab`
  ADD PRIMARY KEY (`id`),
  ADD UNIQUE KEY `UNIQ_8533D2A5EA750E8` (`label`),
  ADD KEY `IDX_8533D2A5960278D7` (`item_set_id`),
  ADD KEY `IDX_8533D2A57E3C61F9` (`owner_id`);

--
-- Index pour la table `fulltext_search`
--
ALTER TABLE `fulltext_search`
  ADD PRIMARY KEY (`id`,`resource`),
  ADD KEY `IDX_AA31FE4A7E3C61F9` (`owner_id`);
ALTER TABLE `fulltext_search` ADD FULLTEXT KEY `IDX_AA31FE4A2B36786B3B8BA7C7` (`title`,`text`);

--
-- Index pour la table `item`
--
ALTER TABLE `item`
  ADD PRIMARY KEY (`id`),
  ADD KEY `IDX_1F1B251ECBE0B084` (`primary_media_id`);

--
-- Index pour la table `item_item_set`
--
ALTER TABLE `item_item_set`
  ADD PRIMARY KEY (`item_id`,`item_set_id`),
  ADD KEY `IDX_6D0C9625126F525E` (`item_id`),
  ADD KEY `IDX_6D0C9625960278D7` (`item_set_id`);

--
-- Index pour la table `item_set`
--
ALTER TABLE `item_set`
  ADD PRIMARY KEY (`id`);

--
-- Index pour la table `item_site`
--
ALTER TABLE `item_site`
  ADD PRIMARY KEY (`item_id`,`site_id`),
  ADD KEY `IDX_A1734D1F126F525E` (`item_id`),
  ADD KEY `IDX_A1734D1FF6BD1646` (`site_id`);

--
-- Index pour la table `job`
--
ALTER TABLE `job`
  ADD PRIMARY KEY (`id`),
  ADD KEY `IDX_FBD8E0F87E3C61F9` (`owner_id`);

--
-- Index pour la table `media`
--
ALTER TABLE `media`
  ADD PRIMARY KEY (`id`),
  ADD UNIQUE KEY `UNIQ_6A2CA10C5CC5DB90` (`storage_id`),
  ADD KEY `IDX_6A2CA10C126F525E` (`item_id`),
  ADD KEY `item_position` (`item_id`,`position`);

--
-- Index pour la table `migration`
--
ALTER TABLE `migration`
  ADD PRIMARY KEY (`version`);

--
-- Index pour la table `module`
--
ALTER TABLE `module`
  ADD PRIMARY KEY (`id`);

--
-- Index pour la table `password_creation`
--
ALTER TABLE `password_creation`
  ADD PRIMARY KEY (`id`),
  ADD UNIQUE KEY `UNIQ_C77917B4A76ED395` (`user_id`);

--
-- Index pour la table `property`
--
ALTER TABLE `property`
  ADD PRIMARY KEY (`id`),
  ADD UNIQUE KEY `UNIQ_8BF21CDEAD0E05F6623C14D5` (`vocabulary_id`,`local_name`),
  ADD KEY `IDX_8BF21CDE7E3C61F9` (`owner_id`),
  ADD KEY `IDX_8BF21CDEAD0E05F6` (`vocabulary_id`);

--
-- Index pour la table `resource`
--
ALTER TABLE `resource`
  ADD PRIMARY KEY (`id`),
  ADD KEY `IDX_BC91F4167E3C61F9` (`owner_id`),
  ADD KEY `IDX_BC91F416448CC1BD` (`resource_class_id`),
  ADD KEY `IDX_BC91F41616131EA` (`resource_template_id`),
  ADD KEY `IDX_BC91F416FDFF2E92` (`thumbnail_id`),
  ADD KEY `title` (`title`(190));

--
-- Index pour la table `resource_class`
--
ALTER TABLE `resource_class`
  ADD PRIMARY KEY (`id`),
  ADD UNIQUE KEY `UNIQ_C6F063ADAD0E05F6623C14D5` (`vocabulary_id`,`local_name`),
  ADD KEY `IDX_C6F063AD7E3C61F9` (`owner_id`),
  ADD KEY `IDX_C6F063ADAD0E05F6` (`vocabulary_id`);

--
-- Index pour la table `resource_template`
--
ALTER TABLE `resource_template`
  ADD PRIMARY KEY (`id`),
  ADD UNIQUE KEY `UNIQ_39ECD52EEA750E8` (`label`),
  ADD KEY `IDX_39ECD52E7E3C61F9` (`owner_id`),
  ADD KEY `IDX_39ECD52E448CC1BD` (`resource_class_id`),
  ADD KEY `IDX_39ECD52E724734A3` (`title_property_id`),
  ADD KEY `IDX_39ECD52EB84E0D1D` (`description_property_id`);

--
-- Index pour la table `resource_template_property`
--
ALTER TABLE `resource_template_property`
  ADD PRIMARY KEY (`id`),
  ADD UNIQUE KEY `UNIQ_4689E2F116131EA549213EC` (`resource_template_id`,`property_id`),
  ADD KEY `IDX_4689E2F116131EA` (`resource_template_id`),
  ADD KEY `IDX_4689E2F1549213EC` (`property_id`);

--
-- Index pour la table `session`
--
ALTER TABLE `session`
  ADD PRIMARY KEY (`id`);

--
-- Index pour la table `setting`
--
ALTER TABLE `setting`
  ADD PRIMARY KEY (`id`);

--
-- Index pour la table `site`
--
ALTER TABLE `site`
  ADD PRIMARY KEY (`id`),
  ADD UNIQUE KEY `UNIQ_694309E4989D9B62` (`slug`),
  ADD UNIQUE KEY `UNIQ_694309E4571EDDA` (`homepage_id`),
  ADD KEY `IDX_694309E4FDFF2E92` (`thumbnail_id`),
  ADD KEY `IDX_694309E47E3C61F9` (`owner_id`);

--
-- Index pour la table `site_block_attachment`
--
ALTER TABLE `site_block_attachment`
  ADD PRIMARY KEY (`id`),
  ADD KEY `IDX_236473FEE9ED820C` (`block_id`),
  ADD KEY `IDX_236473FE126F525E` (`item_id`),
  ADD KEY `IDX_236473FEEA9FDD75` (`media_id`),
  ADD KEY `block_position` (`block_id`,`position`);

--
-- Index pour la table `site_item_set`
--
ALTER TABLE `site_item_set`
  ADD PRIMARY KEY (`id`),
  ADD UNIQUE KEY `UNIQ_D4CE134F6BD1646960278D7` (`site_id`,`item_set_id`),
  ADD KEY `IDX_D4CE134F6BD1646` (`site_id`),
  ADD KEY `IDX_D4CE134960278D7` (`item_set_id`),
  ADD KEY `position` (`position`);

--
-- Index pour la table `site_page`
--
ALTER TABLE `site_page`
  ADD PRIMARY KEY (`id`),
  ADD UNIQUE KEY `UNIQ_2F900BD9F6BD1646989D9B62` (`site_id`,`slug`),
  ADD KEY `IDX_2F900BD9F6BD1646` (`site_id`);

--
-- Index pour la table `site_page_block`
--
ALTER TABLE `site_page_block`
  ADD PRIMARY KEY (`id`),
  ADD KEY `IDX_C593E731C4663E4` (`page_id`),
  ADD KEY `page_position` (`page_id`,`position`);

--
-- Index pour la table `site_permission`
--
ALTER TABLE `site_permission`
  ADD PRIMARY KEY (`id`),
  ADD UNIQUE KEY `UNIQ_C0401D6FF6BD1646A76ED395` (`site_id`,`user_id`),
  ADD KEY `IDX_C0401D6FF6BD1646` (`site_id`),
  ADD KEY `IDX_C0401D6FA76ED395` (`user_id`);

--
-- Index pour la table `site_setting`
--
ALTER TABLE `site_setting`
  ADD PRIMARY KEY (`id`,`site_id`),
  ADD KEY `IDX_64D05A53F6BD1646` (`site_id`);

--
-- Index pour la table `user`
--
ALTER TABLE `user`
  ADD PRIMARY KEY (`id`),
  ADD UNIQUE KEY `UNIQ_8D93D649E7927C74` (`email`);

--
-- Index pour la table `user_setting`
--
ALTER TABLE `user_setting`
  ADD PRIMARY KEY (`id`,`user_id`),
  ADD KEY `IDX_C779A692A76ED395` (`user_id`);

--
-- Index pour la table `value`
--
ALTER TABLE `value`
  ADD PRIMARY KEY (`id`),
  ADD UNIQUE KEY `UNIQ_1D7758349B66727E` (`value_annotation_id`),
  ADD KEY `IDX_1D77583489329D25` (`resource_id`),
  ADD KEY `IDX_1D775834549213EC` (`property_id`),
  ADD KEY `IDX_1D7758344BC72506` (`value_resource_id`),
  ADD KEY `value` (`value`(190)),
  ADD KEY `uri` (`uri`(190));

--
-- Index pour la table `value_annotation`
--
ALTER TABLE `value_annotation`
  ADD PRIMARY KEY (`id`);

--
-- Index pour la table `vocabulary`
--
ALTER TABLE `vocabulary`
  ADD PRIMARY KEY (`id`),
  ADD UNIQUE KEY `UNIQ_9099C97B9B267FDF` (`namespace_uri`),
  ADD UNIQUE KEY `UNIQ_9099C97B93B1868E` (`prefix`),
  ADD KEY `IDX_9099C97B7E3C61F9` (`owner_id`);

--
-- AUTO_INCREMENT pour les tables déchargées
--

--
-- AUTO_INCREMENT pour la table `asset`
--
ALTER TABLE `asset`
  MODIFY `id` int NOT NULL AUTO_INCREMENT;

--
-- AUTO_INCREMENT pour la table `custom_vocab`
--
ALTER TABLE `custom_vocab`
  MODIFY `id` int NOT NULL AUTO_INCREMENT, AUTO_INCREMENT=2;

--
-- AUTO_INCREMENT pour la table `job`
--
ALTER TABLE `job`
  MODIFY `id` int NOT NULL AUTO_INCREMENT;

--
-- AUTO_INCREMENT pour la table `property`
--
ALTER TABLE `property`
  MODIFY `id` int NOT NULL AUTO_INCREMENT, AUTO_INCREMENT=191;

--
-- AUTO_INCREMENT pour la table `resource`
--
ALTER TABLE `resource`
  MODIFY `id` int NOT NULL AUTO_INCREMENT, AUTO_INCREMENT=17;

--
-- AUTO_INCREMENT pour la table `resource_class`
--
ALTER TABLE `resource_class`
  MODIFY `id` int NOT NULL AUTO_INCREMENT, AUTO_INCREMENT=110;

--
-- AUTO_INCREMENT pour la table `resource_template`
--
ALTER TABLE `resource_template`
  MODIFY `id` int NOT NULL AUTO_INCREMENT, AUTO_INCREMENT=7;

--
-- AUTO_INCREMENT pour la table `resource_template_property`
--
ALTER TABLE `resource_template_property`
  MODIFY `id` int NOT NULL AUTO_INCREMENT, AUTO_INCREMENT=37;

--
-- AUTO_INCREMENT pour la table `site`
--
ALTER TABLE `site`
  MODIFY `id` int NOT NULL AUTO_INCREMENT;

--
-- AUTO_INCREMENT pour la table `site_block_attachment`
--
ALTER TABLE `site_block_attachment`
  MODIFY `id` int NOT NULL AUTO_INCREMENT;

--
-- AUTO_INCREMENT pour la table `site_item_set`
--
ALTER TABLE `site_item_set`
  MODIFY `id` int NOT NULL AUTO_INCREMENT;

--
-- AUTO_INCREMENT pour la table `site_page`
--
ALTER TABLE `site_page`
  MODIFY `id` int NOT NULL AUTO_INCREMENT;

--
-- AUTO_INCREMENT pour la table `site_page_block`
--
ALTER TABLE `site_page_block`
  MODIFY `id` int NOT NULL AUTO_INCREMENT;

--
-- AUTO_INCREMENT pour la table `site_permission`
--
ALTER TABLE `site_permission`
  MODIFY `id` int NOT NULL AUTO_INCREMENT;

--
-- AUTO_INCREMENT pour la table `user`
--
ALTER TABLE `user`
  MODIFY `id` int NOT NULL AUTO_INCREMENT, AUTO_INCREMENT=2;

--
-- AUTO_INCREMENT pour la table `value`
--
ALTER TABLE `value`
  MODIFY `id` int NOT NULL AUTO_INCREMENT, AUTO_INCREMENT=48;

--
-- AUTO_INCREMENT pour la table `vocabulary`
--
ALTER TABLE `vocabulary`
  MODIFY `id` int NOT NULL AUTO_INCREMENT, AUTO_INCREMENT=6;

--
-- Contraintes pour les tables déchargées
--

--
-- Contraintes pour la table `api_key`
--
ALTER TABLE `api_key`
  ADD CONSTRAINT `FK_C912ED9D7E3C61F9` FOREIGN KEY (`owner_id`) REFERENCES `user` (`id`);

--
-- Contraintes pour la table `asset`
--
ALTER TABLE `asset`
  ADD CONSTRAINT `FK_2AF5A5C7E3C61F9` FOREIGN KEY (`owner_id`) REFERENCES `user` (`id`) ON DELETE SET NULL;

--
-- Contraintes pour la table `custom_vocab`
--
ALTER TABLE `custom_vocab`
  ADD CONSTRAINT `FK_8533D2A57E3C61F9` FOREIGN KEY (`owner_id`) REFERENCES `user` (`id`) ON DELETE SET NULL,
  ADD CONSTRAINT `FK_8533D2A5960278D7` FOREIGN KEY (`item_set_id`) REFERENCES `item_set` (`id`) ON DELETE SET NULL;

--
-- Contraintes pour la table `fulltext_search`
--
ALTER TABLE `fulltext_search`
  ADD CONSTRAINT `FK_AA31FE4A7E3C61F9` FOREIGN KEY (`owner_id`) REFERENCES `user` (`id`) ON DELETE SET NULL;

--
-- Contraintes pour la table `item`
--
ALTER TABLE `item`
  ADD CONSTRAINT `FK_1F1B251EBF396750` FOREIGN KEY (`id`) REFERENCES `resource` (`id`) ON DELETE CASCADE,
  ADD CONSTRAINT `FK_1F1B251ECBE0B084` FOREIGN KEY (`primary_media_id`) REFERENCES `media` (`id`) ON DELETE SET NULL;

--
-- Contraintes pour la table `item_item_set`
--
ALTER TABLE `item_item_set`
  ADD CONSTRAINT `FK_6D0C9625126F525E` FOREIGN KEY (`item_id`) REFERENCES `item` (`id`) ON DELETE CASCADE,
  ADD CONSTRAINT `FK_6D0C9625960278D7` FOREIGN KEY (`item_set_id`) REFERENCES `item_set` (`id`) ON DELETE CASCADE;

--
-- Contraintes pour la table `item_set`
--
ALTER TABLE `item_set`
  ADD CONSTRAINT `FK_1015EEEBF396750` FOREIGN KEY (`id`) REFERENCES `resource` (`id`) ON DELETE CASCADE;

--
-- Contraintes pour la table `item_site`
--
ALTER TABLE `item_site`
  ADD CONSTRAINT `FK_A1734D1F126F525E` FOREIGN KEY (`item_id`) REFERENCES `item` (`id`) ON DELETE CASCADE,
  ADD CONSTRAINT `FK_A1734D1FF6BD1646` FOREIGN KEY (`site_id`) REFERENCES `site` (`id`) ON DELETE CASCADE;

--
-- Contraintes pour la table `job`
--
ALTER TABLE `job`
  ADD CONSTRAINT `FK_FBD8E0F87E3C61F9` FOREIGN KEY (`owner_id`) REFERENCES `user` (`id`) ON DELETE SET NULL;

--
-- Contraintes pour la table `media`
--
ALTER TABLE `media`
  ADD CONSTRAINT `FK_6A2CA10C126F525E` FOREIGN KEY (`item_id`) REFERENCES `item` (`id`),
  ADD CONSTRAINT `FK_6A2CA10CBF396750` FOREIGN KEY (`id`) REFERENCES `resource` (`id`) ON DELETE CASCADE;

--
-- Contraintes pour la table `password_creation`
--
ALTER TABLE `password_creation`
  ADD CONSTRAINT `FK_C77917B4A76ED395` FOREIGN KEY (`user_id`) REFERENCES `user` (`id`) ON DELETE CASCADE;

--
-- Contraintes pour la table `property`
--
ALTER TABLE `property`
  ADD CONSTRAINT `FK_8BF21CDE7E3C61F9` FOREIGN KEY (`owner_id`) REFERENCES `user` (`id`) ON DELETE SET NULL,
  ADD CONSTRAINT `FK_8BF21CDEAD0E05F6` FOREIGN KEY (`vocabulary_id`) REFERENCES `vocabulary` (`id`);

--
-- Contraintes pour la table `resource`
--
ALTER TABLE `resource`
  ADD CONSTRAINT `FK_BC91F41616131EA` FOREIGN KEY (`resource_template_id`) REFERENCES `resource_template` (`id`) ON DELETE SET NULL,
  ADD CONSTRAINT `FK_BC91F416448CC1BD` FOREIGN KEY (`resource_class_id`) REFERENCES `resource_class` (`id`) ON DELETE SET NULL,
  ADD CONSTRAINT `FK_BC91F4167E3C61F9` FOREIGN KEY (`owner_id`) REFERENCES `user` (`id`) ON DELETE SET NULL,
  ADD CONSTRAINT `FK_BC91F416FDFF2E92` FOREIGN KEY (`thumbnail_id`) REFERENCES `asset` (`id`) ON DELETE SET NULL;

--
-- Contraintes pour la table `resource_class`
--
ALTER TABLE `resource_class`
  ADD CONSTRAINT `FK_C6F063AD7E3C61F9` FOREIGN KEY (`owner_id`) REFERENCES `user` (`id`) ON DELETE SET NULL,
  ADD CONSTRAINT `FK_C6F063ADAD0E05F6` FOREIGN KEY (`vocabulary_id`) REFERENCES `vocabulary` (`id`);

--
-- Contraintes pour la table `resource_template`
--
ALTER TABLE `resource_template`
  ADD CONSTRAINT `FK_39ECD52E448CC1BD` FOREIGN KEY (`resource_class_id`) REFERENCES `resource_class` (`id`) ON DELETE SET NULL,
  ADD CONSTRAINT `FK_39ECD52E724734A3` FOREIGN KEY (`title_property_id`) REFERENCES `property` (`id`) ON DELETE SET NULL,
  ADD CONSTRAINT `FK_39ECD52E7E3C61F9` FOREIGN KEY (`owner_id`) REFERENCES `user` (`id`) ON DELETE SET NULL,
  ADD CONSTRAINT `FK_39ECD52EB84E0D1D` FOREIGN KEY (`description_property_id`) REFERENCES `property` (`id`) ON DELETE SET NULL;

--
-- Contraintes pour la table `resource_template_property`
--
ALTER TABLE `resource_template_property`
  ADD CONSTRAINT `FK_4689E2F116131EA` FOREIGN KEY (`resource_template_id`) REFERENCES `resource_template` (`id`),
  ADD CONSTRAINT `FK_4689E2F1549213EC` FOREIGN KEY (`property_id`) REFERENCES `property` (`id`) ON DELETE CASCADE;

--
-- Contraintes pour la table `site`
--
ALTER TABLE `site`
  ADD CONSTRAINT `FK_694309E4571EDDA` FOREIGN KEY (`homepage_id`) REFERENCES `site_page` (`id`) ON DELETE SET NULL,
  ADD CONSTRAINT `FK_694309E47E3C61F9` FOREIGN KEY (`owner_id`) REFERENCES `user` (`id`) ON DELETE SET NULL,
  ADD CONSTRAINT `FK_694309E4FDFF2E92` FOREIGN KEY (`thumbnail_id`) REFERENCES `asset` (`id`) ON DELETE SET NULL;

--
-- Contraintes pour la table `site_block_attachment`
--
ALTER TABLE `site_block_attachment`
  ADD CONSTRAINT `FK_236473FE126F525E` FOREIGN KEY (`item_id`) REFERENCES `item` (`id`) ON DELETE SET NULL,
  ADD CONSTRAINT `FK_236473FEE9ED820C` FOREIGN KEY (`block_id`) REFERENCES `site_page_block` (`id`),
  ADD CONSTRAINT `FK_236473FEEA9FDD75` FOREIGN KEY (`media_id`) REFERENCES `media` (`id`) ON DELETE SET NULL;

--
-- Contraintes pour la table `site_item_set`
--
ALTER TABLE `site_item_set`
  ADD CONSTRAINT `FK_D4CE134960278D7` FOREIGN KEY (`item_set_id`) REFERENCES `item_set` (`id`) ON DELETE CASCADE,
  ADD CONSTRAINT `FK_D4CE134F6BD1646` FOREIGN KEY (`site_id`) REFERENCES `site` (`id`) ON DELETE CASCADE;

--
-- Contraintes pour la table `site_page`
--
ALTER TABLE `site_page`
  ADD CONSTRAINT `FK_2F900BD9F6BD1646` FOREIGN KEY (`site_id`) REFERENCES `site` (`id`);

--
-- Contraintes pour la table `site_page_block`
--
ALTER TABLE `site_page_block`
  ADD CONSTRAINT `FK_C593E731C4663E4` FOREIGN KEY (`page_id`) REFERENCES `site_page` (`id`);

--
-- Contraintes pour la table `site_permission`
--
ALTER TABLE `site_permission`
  ADD CONSTRAINT `FK_C0401D6FA76ED395` FOREIGN KEY (`user_id`) REFERENCES `user` (`id`) ON DELETE CASCADE,
  ADD CONSTRAINT `FK_C0401D6FF6BD1646` FOREIGN KEY (`site_id`) REFERENCES `site` (`id`) ON DELETE CASCADE;

--
-- Contraintes pour la table `site_setting`
--
ALTER TABLE `site_setting`
  ADD CONSTRAINT `FK_64D05A53F6BD1646` FOREIGN KEY (`site_id`) REFERENCES `site` (`id`) ON DELETE CASCADE;

--
-- Contraintes pour la table `user_setting`
--
ALTER TABLE `user_setting`
  ADD CONSTRAINT `FK_C779A692A76ED395` FOREIGN KEY (`user_id`) REFERENCES `user` (`id`) ON DELETE CASCADE;

--
-- Contraintes pour la table `value`
--
ALTER TABLE `value`
  ADD CONSTRAINT `FK_1D7758344BC72506` FOREIGN KEY (`value_resource_id`) REFERENCES `resource` (`id`) ON DELETE CASCADE,
  ADD CONSTRAINT `FK_1D775834549213EC` FOREIGN KEY (`property_id`) REFERENCES `property` (`id`) ON DELETE CASCADE,
  ADD CONSTRAINT `FK_1D77583489329D25` FOREIGN KEY (`resource_id`) REFERENCES `resource` (`id`),
  ADD CONSTRAINT `FK_1D7758349B66727E` FOREIGN KEY (`value_annotation_id`) REFERENCES `value_annotation` (`id`) ON DELETE SET NULL;

--
-- Contraintes pour la table `value_annotation`
--
ALTER TABLE `value_annotation`
  ADD CONSTRAINT `FK_C03BA4EBF396750` FOREIGN KEY (`id`) REFERENCES `resource` (`id`) ON DELETE CASCADE;

--
-- Contraintes pour la table `vocabulary`
--
ALTER TABLE `vocabulary`
  ADD CONSTRAINT `FK_9099C97B7E3C61F9` FOREIGN KEY (`owner_id`) REFERENCES `user` (`id`) ON DELETE SET NULL;
COMMIT;

/*!40101 SET CHARACTER_SET_CLIENT=@OLD_CHARACTER_SET_CLIENT */;
/*!40101 SET CHARACTER_SET_RESULTS=@OLD_CHARACTER_SET_RESULTS */;
/*!40101 SET COLLATION_CONNECTION=@OLD_COLLATION_CONNECTION */;
